"id_PK","airplane_FK","reservation_FK","seat_number","seat_class","is_window"
1,1,15,F1,FIRST,0
2,1,22,F2,FIRST,1
3,1,69,F3,FIRST,0
4,1,85,F4,FIRST,1
5,1,,F5,FIRST,0
6,1,,F6,FIRST,1
7,1,,F7,FIRST,0
8,1,,F8,FIRST,1
9,1,,F9,FIRST,0
10,1,,F10,FIRST,1
11,1,,F11,FIRST,0
12,1,,F12,FIRST,1
13,1,,F13,FIRST,0
14,1,,F14,FIRST,1
15,1,,F15,FIRST,0
16,1,,F16,FIRST,1
17,1,,F17,FIRST,0
18,1,,F18,FIRST,1
19,1,,F19,FIRST,0
20,1,,F20,FIRST,1
21,1,,B1,BUSINESS,0
23,1,,B3,BUSINESS,1
24,1,,B4,BUSINESS,0
25,1,,B5,BUSINESS,0
26,1,,B6,BUSINESS,1
27,1,,B7,BUSINESS,0
28,1,,B8,BUSINESS,0
29,1,,B9,BUSINESS,1
30,1,,B10,BUSINESS,0
31,1,,B11,BUSINESS,0
32,1,,B12,BUSINESS,1
33,1,,B13,BUSINESS,0
34,1,,B14,BUSINESS,0
35,1,,B15,BUSINESS,1
36,1,,B16,BUSINESS,0
37,1,,B17,BUSINESS,0
38,1,,B18,BUSINESS,1
39,1,,B19,BUSINESS,0
40,1,,B20,BUSINESS,0
41,1,,B21,BUSINESS,1
42,1,,B22,BUSINESS,0
43,1,,B23,BUSINESS,0
44,1,,B24,BUSINESS,1
45,1,,B25,BUSINESS,0
46,1,,B26,BUSINESS,0
47,1,,B27,BUSINESS,1
48,1,,B28,BUSINESS,0
49,1,,B29,BUSINESS,0
50,1,,B30,BUSINESS,1
51,1,,B31,BUSINESS,0
52,1,,B32,BUSINESS,0
53,1,,B33,BUSINESS,1
54,1,,B34,BUSINESS,0
55,1,,B35,BUSINESS,0
56,1,,B36,BUSINESS,1
57,1,,B37,BUSINESS,0
58,1,,B38,BUSINESS,0
59,1,,B39,BUSINESS,1
60,1,,B40,BUSINESS,0
61,1,,E1,ECONOMY,0
62,1,,E2,ECONOMY,0
63,1,,E3,ECONOMY,0
64,1,,E4,ECONOMY,0
65,1,,E5,ECONOMY,1
66,1,,E6,ECONOMY,1
67,1,,E7,ECONOMY,0
68,1,,E8,ECONOMY,0
69,1,,E9,ECONOMY,0
70,1,,E10,ECONOMY,0
71,1,,E11,ECONOMY,1
72,1,,E12,ECONOMY,1
73,1,,E13,ECONOMY,0
74,1,,E14,ECONOMY,0
75,1,,E15,ECONOMY,0
76,1,,E16,ECONOMY,0
77,1,,E17,ECONOMY,1
78,1,,E18,ECONOMY,1
79,1,,E19,ECONOMY,0
80,1,,E20,ECONOMY,0
81,1,,E21,ECONOMY,0
82,1,,E22,ECONOMY,0
83,1,,E23,ECONOMY,1
84,1,,E24,ECONOMY,1
85,1,,E25,ECONOMY,0
86,1,,E26,ECONOMY,0
87,1,,E27,ECONOMY,0
88,1,,E28,ECONOMY,0
89,1,,E29,ECONOMY,1
90,1,,E30,ECONOMY,1
91,1,,E31,ECONOMY,0
92,1,,E32,ECONOMY,0
93,1,,E33,ECONOMY,0
94,1,,E34,ECONOMY,0
95,1,,E35,ECONOMY,1
96,1,,E36,ECONOMY,1
97,1,,E37,ECONOMY,0
98,1,,E38,ECONOMY,0
99,1,,E39,ECONOMY,0
100,1,,E40,ECONOMY,0
101,1,,E41,ECONOMY,1
102,1,,E42,ECONOMY,1
103,1,,E43,ECONOMY,0
104,1,,E44,ECONOMY,0
105,1,,E45,ECONOMY,0
106,1,,E46,ECONOMY,0
107,1,,E47,ECONOMY,1
108,1,,E48,ECONOMY,1
109,1,,E49,ECONOMY,0
110,1,,E50,ECONOMY,0
111,1,,E51,ECONOMY,0
112,1,,E52,ECONOMY,0
113,1,,E53,ECONOMY,1
114,1,,E54,ECONOMY,1
115,1,,E55,ECONOMY,0
116,1,,E56,ECONOMY,0
117,1,,E57,ECONOMY,0
118,1,,E58,ECONOMY,0
119,1,,E59,ECONOMY,1
120,1,,E60,ECONOMY,1
121,1,,E61,ECONOMY,0
122,1,,E62,ECONOMY,0
123,1,,E63,ECONOMY,0
124,1,,E64,ECONOMY,0
125,1,,E65,ECONOMY,1
126,1,,E66,ECONOMY,1
127,1,,E67,ECONOMY,0
128,1,,E68,ECONOMY,0
129,1,,E69,ECONOMY,0
130,1,,E70,ECONOMY,0
131,1,,E71,ECONOMY,1
132,1,,E72,ECONOMY,1
133,1,,E73,ECONOMY,0
134,1,,E74,ECONOMY,0
135,1,,E75,ECONOMY,0
136,1,,E76,ECONOMY,0
137,1,,E77,ECONOMY,1
138,1,,E78,ECONOMY,1
139,1,,E79,ECONOMY,0
140,1,,E80,ECONOMY,0
141,1,,E81,ECONOMY,0
142,1,,E82,ECONOMY,0
143,1,,E83,ECONOMY,1
144,1,,E84,ECONOMY,1
145,1,,E85,ECONOMY,0
146,1,,E86,ECONOMY,0
147,1,,E87,ECONOMY,0
148,1,,E88,ECONOMY,0
149,1,,E89,ECONOMY,1
150,1,,E90,ECONOMY,1
151,1,,E91,ECONOMY,0
152,1,,E92,ECONOMY,0
153,1,,E93,ECONOMY,0
154,1,,E94,ECONOMY,0
155,1,,E95,ECONOMY,1
156,1,,E96,ECONOMY,1
157,1,,E97,ECONOMY,0
158,1,,E98,ECONOMY,0
159,1,,E99,ECONOMY,0
160,1,,E100,ECONOMY,0
161,1,,E101,ECONOMY,1
162,1,,E102,ECONOMY,1
163,1,,E103,ECONOMY,0
164,1,,E104,ECONOMY,0
165,1,,E105,ECONOMY,0
166,1,,E106,ECONOMY,0
167,1,,E107,ECONOMY,1
168,1,,E108,ECONOMY,1
169,1,,E109,ECONOMY,0
170,1,,E110,ECONOMY,0
171,1,,E111,ECONOMY,0
172,1,,E112,ECONOMY,0
173,1,,E113,ECONOMY,1
174,1,,E114,ECONOMY,1
175,1,,E115,ECONOMY,0
176,1,,E116,ECONOMY,0
177,1,,E117,ECONOMY,0
178,1,,E118,ECONOMY,0
179,1,,E119,ECONOMY,1
180,1,,E120,ECONOMY,1
181,1,,E121,ECONOMY,0
182,1,,E122,ECONOMY,0
183,1,,E123,ECONOMY,0
184,1,,E124,ECONOMY,0
185,1,,E125,ECONOMY,1
186,1,,E126,ECONOMY,1
187,1,,E127,ECONOMY,0
188,1,,E128,ECONOMY,0
189,1,,E129,ECONOMY,0
190,1,,E130,ECONOMY,0
191,1,,E131,ECONOMY,1
192,1,,E132,ECONOMY,1
193,1,,E133,ECONOMY,0
194,1,,E134,ECONOMY,0
195,1,,E135,ECONOMY,0
196,1,,E136,ECONOMY,0
197,1,,E137,ECONOMY,1
198,1,,E138,ECONOMY,1
199,1,,E139,ECONOMY,0
200,1,,E140,ECONOMY,0
201,2,9,F1,FIRST,0
202,2,10,F2,FIRST,1
203,2,14,F3,FIRST,0
204,2,20,F4,FIRST,1
205,2,23,F5,FIRST,0
206,2,25,F6,FIRST,1
207,2,31,F7,FIRST,0
208,2,35,F8,FIRST,1
209,2,39,F9,FIRST,0
210,2,44,F10,FIRST,1
211,2,75,F11,FIRST,0
212,2,76,F12,FIRST,1
213,2,80,F13,FIRST,0
214,2,93,F14,FIRST,1
215,2,,F15,FIRST,0
216,2,,F16,FIRST,1
217,2,,F17,FIRST,0
218,2,,F18,FIRST,1
219,2,,F19,FIRST,0
220,2,,F20,FIRST,1
221,2,,F21,FIRST,0
222,2,,F22,FIRST,1
223,2,,F23,FIRST,0
224,2,,F24,FIRST,1
225,2,,F25,FIRST,0
226,2,,F26,FIRST,1
227,2,,F27,FIRST,0
228,2,,F28,FIRST,1
229,2,,F29,FIRST,0
230,2,,F30,FIRST,1
231,2,,F31,FIRST,0
232,2,,F32,FIRST,1
233,2,,F33,FIRST,0
234,2,,F34,FIRST,1
235,2,,F35,FIRST,0
236,2,,F36,FIRST,1
237,2,,F37,FIRST,0
238,2,,F38,FIRST,1
239,2,,B1,BUSINESS,0
240,2,,B2,BUSINESS,0
241,2,,B3,BUSINESS,1
242,2,,B4,BUSINESS,0
243,2,,B5,BUSINESS,0
244,2,,B6,BUSINESS,1
245,2,,B7,BUSINESS,0
246,2,,B8,BUSINESS,0
247,2,,B9,BUSINESS,1
248,2,,B10,BUSINESS,0
249,2,,B11,BUSINESS,0
250,2,,B12,BUSINESS,1
251,2,,B13,BUSINESS,0
252,2,,B14,BUSINESS,0
253,2,,B15,BUSINESS,1
254,2,,B16,BUSINESS,0
255,2,,B17,BUSINESS,0
256,2,,B18,BUSINESS,1
257,2,,B19,BUSINESS,0
258,2,,B20,BUSINESS,0
259,2,,B21,BUSINESS,1
260,2,,B22,BUSINESS,0
261,2,,B23,BUSINESS,0
262,2,,B24,BUSINESS,1
263,2,,B25,BUSINESS,0
264,2,,B26,BUSINESS,0
265,2,,B27,BUSINESS,1
266,2,,B28,BUSINESS,0
267,2,,B29,BUSINESS,0
268,2,,B30,BUSINESS,1
269,2,,B31,BUSINESS,0
270,2,,B32,BUSINESS,0
271,2,,B33,BUSINESS,1
272,2,,B34,BUSINESS,0
273,2,,B35,BUSINESS,0
274,2,,B36,BUSINESS,1
275,2,,B37,BUSINESS,0
276,2,,B38,BUSINESS,0
277,2,,B39,BUSINESS,1
278,2,,B40,BUSINESS,0
279,2,,B41,BUSINESS,0
280,2,,B42,BUSINESS,1
281,2,,B43,BUSINESS,0
282,2,,B44,BUSINESS,0
283,2,,B45,BUSINESS,1
284,2,,B46,BUSINESS,0
285,2,,B47,BUSINESS,0
286,2,,B48,BUSINESS,1
287,2,,B49,BUSINESS,0
288,2,,B50,BUSINESS,0
289,2,,B51,BUSINESS,1
290,2,,B52,BUSINESS,0
291,2,,B53,BUSINESS,0
292,2,,B54,BUSINESS,1
293,2,,B55,BUSINESS,0
294,2,,B56,BUSINESS,0
295,2,,B57,BUSINESS,1
296,2,,B58,BUSINESS,0
297,2,,B59,BUSINESS,0
298,2,,B60,BUSINESS,1
299,2,,B61,BUSINESS,0
300,2,,B62,BUSINESS,0
301,2,,B63,BUSINESS,1
302,2,,B64,BUSINESS,0
303,2,,B65,BUSINESS,0
304,2,,B66,BUSINESS,1
305,2,,B67,BUSINESS,0
306,2,,B68,BUSINESS,0
307,2,,B69,BUSINESS,1
308,2,,B70,BUSINESS,0
309,2,,B71,BUSINESS,0
310,2,,B72,BUSINESS,1
311,2,,B73,BUSINESS,0
312,2,,B74,BUSINESS,0
313,2,,B75,BUSINESS,1
314,2,,B76,BUSINESS,0
315,2,,E1,ECONOMY,0
316,2,,E2,ECONOMY,0
317,2,,E3,ECONOMY,0
318,2,,E4,ECONOMY,0
319,2,,E5,ECONOMY,1
320,2,,E6,ECONOMY,1
321,2,,E7,ECONOMY,0
322,2,,E8,ECONOMY,0
323,2,,E9,ECONOMY,0
324,2,,E10,ECONOMY,0
325,2,,E11,ECONOMY,1
326,2,,E12,ECONOMY,1
327,2,,E13,ECONOMY,0
328,2,,E14,ECONOMY,0
329,2,,E15,ECONOMY,0
330,2,,E16,ECONOMY,0
331,2,,E17,ECONOMY,1
332,2,,E18,ECONOMY,1
333,2,,E19,ECONOMY,0
334,2,,E20,ECONOMY,0
335,2,,E21,ECONOMY,0
336,2,,E22,ECONOMY,0
337,2,,E23,ECONOMY,1
338,2,,E24,ECONOMY,1
339,2,,E25,ECONOMY,0
340,2,,E26,ECONOMY,0
341,2,,E27,ECONOMY,0
342,2,,E28,ECONOMY,0
343,2,,E29,ECONOMY,1
344,2,,E30,ECONOMY,1
345,2,,E31,ECONOMY,0
346,2,,E32,ECONOMY,0
347,2,,E33,ECONOMY,0
348,2,,E34,ECONOMY,0
349,2,,E35,ECONOMY,1
350,2,,E36,ECONOMY,1
351,2,,E37,ECONOMY,0
352,2,,E38,ECONOMY,0
353,2,,E39,ECONOMY,0
354,2,,E40,ECONOMY,0
355,2,,E41,ECONOMY,1
356,2,,E42,ECONOMY,1
357,2,,E43,ECONOMY,0
358,2,,E44,ECONOMY,0
359,2,,E45,ECONOMY,0
360,2,,E46,ECONOMY,0
361,2,,E47,ECONOMY,1
362,2,,E48,ECONOMY,1
363,2,,E49,ECONOMY,0
364,2,,E50,ECONOMY,0
365,2,,E51,ECONOMY,0
366,2,,E52,ECONOMY,0
367,2,,E53,ECONOMY,1
368,2,,E54,ECONOMY,1
369,2,,E55,ECONOMY,0
370,2,,E56,ECONOMY,0
371,2,,E57,ECONOMY,0
372,2,,E58,ECONOMY,0
373,2,,E59,ECONOMY,1
374,2,,E60,ECONOMY,1
375,2,,E61,ECONOMY,0
376,2,,E62,ECONOMY,0
377,2,,E63,ECONOMY,0
378,2,,E64,ECONOMY,0
379,2,,E65,ECONOMY,1
380,2,,E66,ECONOMY,1
381,2,,E67,ECONOMY,0
382,2,,E68,ECONOMY,0
383,2,,E69,ECONOMY,0
384,2,,E70,ECONOMY,0
385,2,,E71,ECONOMY,1
386,2,,E72,ECONOMY,1
387,2,,E73,ECONOMY,0
388,2,,E74,ECONOMY,0
389,2,,E75,ECONOMY,0
390,2,,E76,ECONOMY,0
391,2,,E77,ECONOMY,1
392,2,,E78,ECONOMY,1
393,2,,E79,ECONOMY,0
394,2,,E80,ECONOMY,0
395,2,,E81,ECONOMY,0
396,2,,E82,ECONOMY,0
397,2,,E83,ECONOMY,1
398,2,,E84,ECONOMY,1
399,2,,E85,ECONOMY,0
400,2,,E86,ECONOMY,0
401,2,,E87,ECONOMY,0
402,2,,E88,ECONOMY,0
403,2,,E89,ECONOMY,1
404,2,,E90,ECONOMY,1
405,2,,E91,ECONOMY,0
406,2,,E92,ECONOMY,0
407,2,,E93,ECONOMY,0
408,2,,E94,ECONOMY,0
409,2,,E95,ECONOMY,1
410,2,,E96,ECONOMY,1
411,2,,E97,ECONOMY,0
412,2,,E98,ECONOMY,0
413,2,,E99,ECONOMY,0
414,2,,E100,ECONOMY,0
415,2,,E101,ECONOMY,1
416,2,,E102,ECONOMY,1
417,2,,E103,ECONOMY,0
418,2,,E104,ECONOMY,0
419,2,,E105,ECONOMY,0
420,2,,E106,ECONOMY,0
421,2,,E107,ECONOMY,1
422,2,,E108,ECONOMY,1
423,2,,E109,ECONOMY,0
424,2,,E110,ECONOMY,0
425,2,,E111,ECONOMY,0
426,2,,E112,ECONOMY,0
427,2,,E113,ECONOMY,1
428,2,,E114,ECONOMY,1
429,2,,E115,ECONOMY,0
430,2,,E116,ECONOMY,0
431,2,,E117,ECONOMY,0
432,2,,E118,ECONOMY,0
433,2,,E119,ECONOMY,1
434,2,,E120,ECONOMY,1
435,2,,E121,ECONOMY,0
436,2,,E122,ECONOMY,0
437,2,,E123,ECONOMY,0
438,2,,E124,ECONOMY,0
439,2,,E125,ECONOMY,1
440,2,,E126,ECONOMY,1
441,2,,E127,ECONOMY,0
442,2,,E128,ECONOMY,0
443,2,,E129,ECONOMY,0
444,2,,E130,ECONOMY,0
445,2,,E131,ECONOMY,1
446,2,,E132,ECONOMY,1
447,2,,E133,ECONOMY,0
448,2,,E134,ECONOMY,0
449,2,,E135,ECONOMY,0
450,2,,E136,ECONOMY,0
451,2,,E137,ECONOMY,1
452,2,,E138,ECONOMY,1
453,2,,E139,ECONOMY,0
454,2,,E140,ECONOMY,0
455,2,,E141,ECONOMY,0
456,2,,E142,ECONOMY,0
457,2,,E143,ECONOMY,1
458,2,,E144,ECONOMY,1
459,2,,E145,ECONOMY,0
460,2,,E146,ECONOMY,0
461,2,,E147,ECONOMY,0
462,2,,E148,ECONOMY,0
463,2,,E149,ECONOMY,1
464,2,,E150,ECONOMY,1
465,2,,E151,ECONOMY,0
466,2,,E152,ECONOMY,0
467,2,,E153,ECONOMY,0
468,2,,E154,ECONOMY,0
469,2,,E155,ECONOMY,1
470,2,,E156,ECONOMY,1
471,2,,E157,ECONOMY,0
472,2,,E158,ECONOMY,0
473,2,,E159,ECONOMY,0
474,2,,E160,ECONOMY,0
475,2,,E161,ECONOMY,1
476,2,,E162,ECONOMY,1
477,2,,E163,ECONOMY,0
478,2,,E164,ECONOMY,0
479,2,,E165,ECONOMY,0
480,2,,E166,ECONOMY,0
481,2,,E167,ECONOMY,1
482,2,,E168,ECONOMY,1
483,2,,E169,ECONOMY,0
484,2,,E170,ECONOMY,0
485,2,,E171,ECONOMY,0
486,2,,E172,ECONOMY,0
487,2,,E173,ECONOMY,1
488,2,,E174,ECONOMY,1
489,2,,E175,ECONOMY,0
490,2,,E176,ECONOMY,0
491,2,,E177,ECONOMY,0
492,2,,E178,ECONOMY,0
493,2,,E179,ECONOMY,1
494,2,,E180,ECONOMY,1
495,2,,E181,ECONOMY,0
496,2,,E182,ECONOMY,0
497,2,,E183,ECONOMY,0
498,2,,E184,ECONOMY,0
499,2,,E185,ECONOMY,1
500,2,,E186,ECONOMY,1
501,2,,E187,ECONOMY,0
502,2,,E188,ECONOMY,0
503,2,,E189,ECONOMY,0
504,2,,E190,ECONOMY,0
505,2,,E191,ECONOMY,1
506,2,,E192,ECONOMY,1
507,2,,E193,ECONOMY,0
508,2,,E194,ECONOMY,0
509,2,,E195,ECONOMY,0
510,2,,E196,ECONOMY,0
511,2,,E197,ECONOMY,1
512,2,,E198,ECONOMY,1
513,2,,E199,ECONOMY,0
514,2,,E200,ECONOMY,0
515,2,,E201,ECONOMY,0
516,2,,E202,ECONOMY,0
517,2,,E203,ECONOMY,1
518,2,,E204,ECONOMY,1
519,2,,E205,ECONOMY,0
520,2,,E206,ECONOMY,0
521,2,,E207,ECONOMY,0
522,2,,E208,ECONOMY,0
523,2,,E209,ECONOMY,1
524,2,,E210,ECONOMY,1
525,2,,E211,ECONOMY,0
526,2,,E212,ECONOMY,0
527,2,,E213,ECONOMY,0
528,2,,E214,ECONOMY,0
529,2,,E215,ECONOMY,1
530,2,,E216,ECONOMY,1
531,2,,E217,ECONOMY,0
532,2,,E218,ECONOMY,0
533,2,,E219,ECONOMY,0
534,2,,E220,ECONOMY,0
535,2,,E221,ECONOMY,1
536,2,,E222,ECONOMY,1
537,2,,E223,ECONOMY,0
538,2,,E224,ECONOMY,0
539,2,,E225,ECONOMY,0
540,2,,E226,ECONOMY,0
541,2,,E227,ECONOMY,1
542,2,,E228,ECONOMY,1
543,2,,E229,ECONOMY,0
544,2,,E230,ECONOMY,0
545,2,,E231,ECONOMY,0
546,2,,E232,ECONOMY,0
547,2,,E233,ECONOMY,1
548,2,,E234,ECONOMY,1
549,2,,E235,ECONOMY,0
550,2,,E236,ECONOMY,0
551,2,,E237,ECONOMY,0
552,2,,E238,ECONOMY,0
553,2,,E239,ECONOMY,1
554,2,,E240,ECONOMY,1
555,2,,E241,ECONOMY,0
556,2,,E242,ECONOMY,0
557,2,,E243,ECONOMY,0
558,2,,E244,ECONOMY,0
559,2,,E245,ECONOMY,1
560,2,,E246,ECONOMY,1
561,2,,E247,ECONOMY,0
562,2,,E248,ECONOMY,0
563,2,,E249,ECONOMY,0
564,2,,E250,ECONOMY,0
565,2,,E251,ECONOMY,1
566,2,,E252,ECONOMY,1
567,2,,E253,ECONOMY,0
568,2,,E254,ECONOMY,0
569,2,,E255,ECONOMY,0
570,2,,E256,ECONOMY,0
571,2,,E257,ECONOMY,1
572,2,,E258,ECONOMY,1
573,2,,E259,ECONOMY,0
574,2,,E260,ECONOMY,0
575,2,,E261,ECONOMY,0
576,2,,E262,ECONOMY,0
577,2,,E263,ECONOMY,1
578,2,,E264,ECONOMY,1
579,2,,E265,ECONOMY,0
580,2,,E266,ECONOMY,0
581,2,,E267,ECONOMY,0
582,3,4,F1,FIRST,0
583,3,13,F2,FIRST,1
584,3,18,F3,FIRST,0
585,3,26,F4,FIRST,1
586,3,30,F5,FIRST,0
587,3,49,F6,FIRST,1
588,3,55,F7,FIRST,0
589,3,57,F8,FIRST,1
590,3,70,F9,FIRST,0
591,3,72,F10,FIRST,1
592,3,74,F11,FIRST,0
593,3,79,F12,FIRST,1
594,3,83,F13,FIRST,0
595,3,86,F14,FIRST,1
596,3,87,F15,FIRST,0
597,3,94,F16,FIRST,1
598,3,95,F17,FIRST,0
599,3,,F18,FIRST,1
600,3,,F19,FIRST,0
601,3,,F20,FIRST,1
602,3,,F21,FIRST,0
603,3,,F22,FIRST,1
604,3,,F23,FIRST,0
605,3,,F24,FIRST,1
606,3,,F25,FIRST,0
607,3,,F26,FIRST,1
608,3,,F27,FIRST,0
609,3,,F28,FIRST,1
610,3,,F29,FIRST,0
611,3,,F30,FIRST,1
612,3,,F31,FIRST,0
613,3,,F32,FIRST,1
614,3,,F33,FIRST,0
615,3,,F34,FIRST,1
616,3,,F35,FIRST,0
617,3,,F36,FIRST,1
618,3,,F37,FIRST,0
619,3,,B1,BUSINESS,0
620,3,,B2,BUSINESS,0
621,3,,B3,BUSINESS,1
622,3,,B4,BUSINESS,0
623,3,,B5,BUSINESS,0
624,3,,B6,BUSINESS,1
625,3,,B7,BUSINESS,0
626,3,,B8,BUSINESS,0
627,3,,B9,BUSINESS,1
628,3,,B10,BUSINESS,0
629,3,,B11,BUSINESS,0
630,3,,B12,BUSINESS,1
631,3,,B13,BUSINESS,0
632,3,,B14,BUSINESS,0
633,3,,B15,BUSINESS,1
634,3,,B16,BUSINESS,0
635,3,,B17,BUSINESS,0
636,3,,B18,BUSINESS,1
637,3,,B19,BUSINESS,0
638,3,,B20,BUSINESS,0
639,3,,B21,BUSINESS,1
640,3,,B22,BUSINESS,0
641,3,,B23,BUSINESS,0
642,3,,B24,BUSINESS,1
643,3,,B25,BUSINESS,0
644,3,,B26,BUSINESS,0
645,3,,B27,BUSINESS,1
646,3,,B28,BUSINESS,0
647,3,,B29,BUSINESS,0
648,3,,B30,BUSINESS,1
649,3,,B31,BUSINESS,0
650,3,,B32,BUSINESS,0
651,3,,B33,BUSINESS,1
652,3,,B34,BUSINESS,0
653,3,,B35,BUSINESS,0
654,3,,B36,BUSINESS,1
655,3,,B37,BUSINESS,0
656,3,,B38,BUSINESS,0
657,3,,B39,BUSINESS,1
658,3,,B40,BUSINESS,0
659,3,,B41,BUSINESS,0
660,3,,B42,BUSINESS,1
661,3,,B43,BUSINESS,0
662,3,,B44,BUSINESS,0
663,3,,B45,BUSINESS,1
664,3,,B46,BUSINESS,0
665,3,,B47,BUSINESS,0
666,3,,B48,BUSINESS,1
667,3,,B49,BUSINESS,0
668,3,,B50,BUSINESS,0
669,3,,B51,BUSINESS,1
670,3,,B52,BUSINESS,0
671,3,,B53,BUSINESS,0
672,3,,B54,BUSINESS,1
673,3,,B55,BUSINESS,0
674,3,,B56,BUSINESS,0
675,3,,B57,BUSINESS,1
676,3,,B58,BUSINESS,0
677,3,,B59,BUSINESS,0
678,3,,B60,BUSINESS,1
679,3,,B61,BUSINESS,0
680,3,,B62,BUSINESS,0
681,3,,B63,BUSINESS,1
682,3,,B64,BUSINESS,0
683,3,,B65,BUSINESS,0
684,3,,B66,BUSINESS,1
685,3,,B67,BUSINESS,0
686,3,,B68,BUSINESS,0
687,3,,B69,BUSINESS,1
688,3,,B70,BUSINESS,0
689,3,,B71,BUSINESS,0
690,3,,B72,BUSINESS,1
691,3,,B73,BUSINESS,0
692,3,,B74,BUSINESS,0
693,3,,B75,BUSINESS,1
694,3,,E1,ECONOMY,0
695,3,,E2,ECONOMY,0
696,3,,E3,ECONOMY,0
697,3,,E4,ECONOMY,0
698,3,,E5,ECONOMY,1
699,3,,E6,ECONOMY,1
700,3,,E7,ECONOMY,0
701,3,,E8,ECONOMY,0
702,3,,E9,ECONOMY,0
703,3,,E10,ECONOMY,0
704,3,,E11,ECONOMY,1
705,3,,E12,ECONOMY,1
706,3,,E13,ECONOMY,0
707,3,,E14,ECONOMY,0
708,3,,E15,ECONOMY,0
709,3,,E16,ECONOMY,0
710,3,,E17,ECONOMY,1
711,3,,E18,ECONOMY,1
712,3,,E19,ECONOMY,0
713,3,,E20,ECONOMY,0
714,3,,E21,ECONOMY,0
715,3,,E22,ECONOMY,0
716,3,,E23,ECONOMY,1
717,3,,E24,ECONOMY,1
718,3,,E25,ECONOMY,0
719,3,,E26,ECONOMY,0
720,3,,E27,ECONOMY,0
721,3,,E28,ECONOMY,0
722,3,,E29,ECONOMY,1
723,3,,E30,ECONOMY,1
724,3,,E31,ECONOMY,0
725,3,,E32,ECONOMY,0
726,3,,E33,ECONOMY,0
727,3,,E34,ECONOMY,0
728,3,,E35,ECONOMY,1
729,3,,E36,ECONOMY,1
730,3,,E37,ECONOMY,0
731,3,,E38,ECONOMY,0
732,3,,E39,ECONOMY,0
733,3,,E40,ECONOMY,0
734,3,,E41,ECONOMY,1
735,3,,E42,ECONOMY,1
736,3,,E43,ECONOMY,0
737,3,,E44,ECONOMY,0
738,3,,E45,ECONOMY,0
739,3,,E46,ECONOMY,0
740,3,,E47,ECONOMY,1
741,3,,E48,ECONOMY,1
742,3,,E49,ECONOMY,0
743,3,,E50,ECONOMY,0
744,3,,E51,ECONOMY,0
745,3,,E52,ECONOMY,0
746,3,,E53,ECONOMY,1
747,3,,E54,ECONOMY,1
748,3,,E55,ECONOMY,0
749,3,,E56,ECONOMY,0
750,3,,E57,ECONOMY,0
751,3,,E58,ECONOMY,0
752,3,,E59,ECONOMY,1
753,3,,E60,ECONOMY,1
754,3,,E61,ECONOMY,0
755,3,,E62,ECONOMY,0
756,3,,E63,ECONOMY,0
757,3,,E64,ECONOMY,0
758,3,,E65,ECONOMY,1
759,3,,E66,ECONOMY,1
760,3,,E67,ECONOMY,0
761,3,,E68,ECONOMY,0
762,3,,E69,ECONOMY,0
763,3,,E70,ECONOMY,0
764,3,,E71,ECONOMY,1
765,3,,E72,ECONOMY,1
766,3,,E73,ECONOMY,0
767,3,,E74,ECONOMY,0
768,3,,E75,ECONOMY,0
769,3,,E76,ECONOMY,0
770,3,,E77,ECONOMY,1
771,3,,E78,ECONOMY,1
772,3,,E79,ECONOMY,0
773,3,,E80,ECONOMY,0
774,3,,E81,ECONOMY,0
775,3,,E82,ECONOMY,0
776,3,,E83,ECONOMY,1
777,3,,E84,ECONOMY,1
778,3,,E85,ECONOMY,0
779,3,,E86,ECONOMY,0
780,3,,E87,ECONOMY,0
781,3,,E88,ECONOMY,0
782,3,,E89,ECONOMY,1
783,3,,E90,ECONOMY,1
784,3,,E91,ECONOMY,0
785,3,,E92,ECONOMY,0
786,3,,E93,ECONOMY,0
787,3,,E94,ECONOMY,0
788,3,,E95,ECONOMY,1
789,3,,E96,ECONOMY,1
790,3,,E97,ECONOMY,0
791,3,,E98,ECONOMY,0
792,3,,E99,ECONOMY,0
793,3,,E100,ECONOMY,0
794,3,,E101,ECONOMY,1
795,3,,E102,ECONOMY,1
796,3,,E103,ECONOMY,0
797,3,,E104,ECONOMY,0
798,3,,E105,ECONOMY,0
799,3,,E106,ECONOMY,0
800,3,,E107,ECONOMY,1
801,3,,E108,ECONOMY,1
802,3,,E109,ECONOMY,0
803,3,,E110,ECONOMY,0
804,3,,E111,ECONOMY,0
805,3,,E112,ECONOMY,0
806,3,,E113,ECONOMY,1
807,3,,E114,ECONOMY,1
808,3,,E115,ECONOMY,0
809,3,,E116,ECONOMY,0
810,3,,E117,ECONOMY,0
811,3,,E118,ECONOMY,0
812,3,,E119,ECONOMY,1
813,3,,E120,ECONOMY,1
814,3,,E121,ECONOMY,0
815,3,,E122,ECONOMY,0
816,3,,E123,ECONOMY,0
817,3,,E124,ECONOMY,0
818,3,,E125,ECONOMY,1
819,3,,E126,ECONOMY,1
820,3,,E127,ECONOMY,0
821,3,,E128,ECONOMY,0
822,3,,E129,ECONOMY,0
823,3,,E130,ECONOMY,0
824,3,,E131,ECONOMY,1
825,3,,E132,ECONOMY,1
826,3,,E133,ECONOMY,0
827,3,,E134,ECONOMY,0
828,3,,E135,ECONOMY,0
829,3,,E136,ECONOMY,0
830,3,,E137,ECONOMY,1
831,3,,E138,ECONOMY,1
832,3,,E139,ECONOMY,0
833,3,,E140,ECONOMY,0
834,3,,E141,ECONOMY,0
835,3,,E142,ECONOMY,0
836,3,,E143,ECONOMY,1
837,3,,E144,ECONOMY,1
838,3,,E145,ECONOMY,0
839,3,,E146,ECONOMY,0
840,3,,E147,ECONOMY,0
841,3,,E148,ECONOMY,0
842,3,,E149,ECONOMY,1
843,3,,E150,ECONOMY,1
844,3,,E151,ECONOMY,0
845,3,,E152,ECONOMY,0
846,3,,E153,ECONOMY,0
847,3,,E154,ECONOMY,0
848,3,,E155,ECONOMY,1
849,3,,E156,ECONOMY,1
850,3,,E157,ECONOMY,0
851,3,,E158,ECONOMY,0
852,3,,E159,ECONOMY,0
853,3,,E160,ECONOMY,0
854,3,,E161,ECONOMY,1
855,3,,E162,ECONOMY,1
856,3,,E163,ECONOMY,0
857,3,,E164,ECONOMY,0
858,3,,E165,ECONOMY,0
859,3,,E166,ECONOMY,0
860,3,,E167,ECONOMY,1
861,3,,E168,ECONOMY,1
862,3,,E169,ECONOMY,0
863,3,,E170,ECONOMY,0
864,3,,E171,ECONOMY,0
865,3,,E172,ECONOMY,0
866,3,,E173,ECONOMY,1
867,3,,E174,ECONOMY,1
868,3,,E175,ECONOMY,0
869,3,,E176,ECONOMY,0
870,3,,E177,ECONOMY,0
871,3,,E178,ECONOMY,0
872,3,,E179,ECONOMY,1
873,3,,E180,ECONOMY,1
874,3,,E181,ECONOMY,0
875,3,,E182,ECONOMY,0
876,3,,E183,ECONOMY,0
877,3,,E184,ECONOMY,0
878,3,,E185,ECONOMY,1
879,3,,E186,ECONOMY,1
880,3,,E187,ECONOMY,0
881,3,,E188,ECONOMY,0
882,3,,E189,ECONOMY,0
883,3,,E190,ECONOMY,0
884,3,,E191,ECONOMY,1
885,3,,E192,ECONOMY,1
886,3,,E193,ECONOMY,0
887,3,,E194,ECONOMY,0
888,3,,E195,ECONOMY,0
889,3,,E196,ECONOMY,0
890,3,,E197,ECONOMY,1
891,3,,E198,ECONOMY,1
892,3,,E199,ECONOMY,0
893,3,,E200,ECONOMY,0
894,3,,E201,ECONOMY,0
895,3,,E202,ECONOMY,0
896,3,,E203,ECONOMY,1
897,3,,E204,ECONOMY,1
898,3,,E205,ECONOMY,0
899,3,,E206,ECONOMY,0
900,3,,E207,ECONOMY,0
901,3,,E208,ECONOMY,0
902,3,,E209,ECONOMY,1
903,3,,E210,ECONOMY,1
904,3,,E211,ECONOMY,0
905,3,,E212,ECONOMY,0
906,3,,E213,ECONOMY,0
907,3,,E214,ECONOMY,0
908,3,,E215,ECONOMY,1
909,3,,E216,ECONOMY,1
910,3,,E217,ECONOMY,0
911,3,,E218,ECONOMY,0
912,3,,E219,ECONOMY,0
913,3,,E220,ECONOMY,0
914,3,,E221,ECONOMY,1
915,3,,E222,ECONOMY,1
916,3,,E223,ECONOMY,0
917,3,,E224,ECONOMY,0
918,3,,E225,ECONOMY,0
919,3,,E226,ECONOMY,0
920,3,,E227,ECONOMY,1
921,3,,E228,ECONOMY,1
922,3,,E229,ECONOMY,0
923,3,,E230,ECONOMY,0
924,3,,E231,ECONOMY,0
925,3,,E232,ECONOMY,0
926,3,,E233,ECONOMY,1
927,3,,E234,ECONOMY,1
928,3,,E235,ECONOMY,0
929,3,,E236,ECONOMY,0
930,3,,E237,ECONOMY,0
931,3,,E238,ECONOMY,0
932,3,,E239,ECONOMY,1
933,3,,E240,ECONOMY,1
934,3,,E241,ECONOMY,0
935,3,,E242,ECONOMY,0
936,3,,E243,ECONOMY,0
937,3,,E244,ECONOMY,0
938,3,,E245,ECONOMY,1
939,3,,E246,ECONOMY,1
940,3,,E247,ECONOMY,0
941,3,,E248,ECONOMY,0
942,3,,E249,ECONOMY,0
943,3,,E250,ECONOMY,0
944,3,,E251,ECONOMY,1
945,3,,E252,ECONOMY,1
946,3,,E253,ECONOMY,0
947,3,,E254,ECONOMY,0
948,3,,E255,ECONOMY,0
949,3,,E256,ECONOMY,0
950,3,,E257,ECONOMY,1
951,3,,E258,ECONOMY,1
952,3,,E259,ECONOMY,0
953,3,,E260,ECONOMY,0
954,3,,E261,ECONOMY,0
955,3,,E262,ECONOMY,0
956,3,,E263,ECONOMY,1
957,3,,E264,ECONOMY,1
958,3,,E265,ECONOMY,0
959,4,16,F1,FIRST,0
960,4,36,F2,FIRST,1
961,4,43,F3,FIRST,0
962,4,47,F4,FIRST,1
963,4,58,F5,FIRST,0
964,4,65,F6,FIRST,1
965,4,81,F7,FIRST,0
966,4,89,F8,FIRST,1
967,4,97,F9,FIRST,0
968,4,,F10,FIRST,1
969,4,,F11,FIRST,0
970,4,,F12,FIRST,1
971,4,,F13,FIRST,0
972,4,,F14,FIRST,1
973,4,,F15,FIRST,0
974,4,,F16,FIRST,1
975,4,,F17,FIRST,0
976,4,,F18,FIRST,1
977,4,,F19,FIRST,0
978,4,,B1,BUSINESS,0
979,4,,B2,BUSINESS,0
980,4,,B3,BUSINESS,1
981,4,,B4,BUSINESS,0
982,4,,B5,BUSINESS,0
983,4,,B6,BUSINESS,1
984,4,,B7,BUSINESS,0
985,4,,B8,BUSINESS,0
986,4,,B9,BUSINESS,1
987,4,,B10,BUSINESS,0
988,4,,B11,BUSINESS,0
989,4,,B12,BUSINESS,1
990,4,,B13,BUSINESS,0
991,4,,B14,BUSINESS,0
992,4,,B15,BUSINESS,1
993,4,,B16,BUSINESS,0
994,4,,B17,BUSINESS,0
995,4,,B18,BUSINESS,1
996,4,,B19,BUSINESS,0
997,4,,B20,BUSINESS,0
998,4,,B21,BUSINESS,1
999,4,,B22,BUSINESS,0
1000,4,,B23,BUSINESS,0
1001,4,,B24,BUSINESS,1
1002,4,,B25,BUSINESS,0
1003,4,,B26,BUSINESS,0
1004,4,,B27,BUSINESS,1
1005,4,,B28,BUSINESS,0
1006,4,,B29,BUSINESS,0
1007,4,,B30,BUSINESS,1
1008,4,,B31,BUSINESS,0
1009,4,,B32,BUSINESS,0
1010,4,,B33,BUSINESS,1
1011,4,,B34,BUSINESS,0
1012,4,,B35,BUSINESS,0
1013,4,,B36,BUSINESS,1
1014,4,,B37,BUSINESS,0
1015,4,,B38,BUSINESS,0
1016,4,,E1,ECONOMY,0
1017,4,,E2,ECONOMY,0
1018,4,,E3,ECONOMY,0
1019,4,,E4,ECONOMY,0
1020,4,,E5,ECONOMY,1
1021,4,,E6,ECONOMY,1
1022,4,,E7,ECONOMY,0
1023,4,,E8,ECONOMY,0
1024,4,,E9,ECONOMY,0
1025,4,,E10,ECONOMY,0
1026,4,,E11,ECONOMY,1
1027,4,,E12,ECONOMY,1
1028,4,,E13,ECONOMY,0
1029,4,,E14,ECONOMY,0
1030,4,,E15,ECONOMY,0
1031,4,,E16,ECONOMY,0
1032,4,,E17,ECONOMY,1
1033,4,,E18,ECONOMY,1
1034,4,,E19,ECONOMY,0
1035,4,,E20,ECONOMY,0
1036,4,,E21,ECONOMY,0
1037,4,,E22,ECONOMY,0
1038,4,,E23,ECONOMY,1
1039,4,,E24,ECONOMY,1
1040,4,,E25,ECONOMY,0
1041,4,,E26,ECONOMY,0
1042,4,,E27,ECONOMY,0
1043,4,,E28,ECONOMY,0
1044,4,,E29,ECONOMY,1
1045,4,,E30,ECONOMY,1
1046,4,,E31,ECONOMY,0
1047,4,,E32,ECONOMY,0
1048,4,,E33,ECONOMY,0
1049,4,,E34,ECONOMY,0
1050,4,,E35,ECONOMY,1
1051,4,,E36,ECONOMY,1
1052,4,,E37,ECONOMY,0
1053,4,,E38,ECONOMY,0
1054,4,,E39,ECONOMY,0
1055,4,,E40,ECONOMY,0
1056,4,,E41,ECONOMY,1
1057,4,,E42,ECONOMY,1
1058,4,,E43,ECONOMY,0
1059,4,,E44,ECONOMY,0
1060,4,,E45,ECONOMY,0
1061,4,,E46,ECONOMY,0
1062,4,,E47,ECONOMY,1
1063,4,,E48,ECONOMY,1
1064,4,,E49,ECONOMY,0
1065,4,,E50,ECONOMY,0
1066,4,,E51,ECONOMY,0
1067,4,,E52,ECONOMY,0
1068,4,,E53,ECONOMY,1
1069,4,,E54,ECONOMY,1
1070,4,,E55,ECONOMY,0
1071,4,,E56,ECONOMY,0
1072,4,,E57,ECONOMY,0
1073,4,,E58,ECONOMY,0
1074,4,,E59,ECONOMY,1
1075,4,,E60,ECONOMY,1
1076,4,,E61,ECONOMY,0
1077,4,,E62,ECONOMY,0
1078,4,,E63,ECONOMY,0
1079,4,,E64,ECONOMY,0
1080,4,,E65,ECONOMY,1
1081,4,,E66,ECONOMY,1
1082,4,,E67,ECONOMY,0
1083,4,,E68,ECONOMY,0
1084,4,,E69,ECONOMY,0
1085,4,,E70,ECONOMY,0
1086,4,,E71,ECONOMY,1
1087,4,,E72,ECONOMY,1
1088,4,,E73,ECONOMY,0
1089,4,,E74,ECONOMY,0
1090,4,,E75,ECONOMY,0
1091,4,,E76,ECONOMY,0
1092,4,,E77,ECONOMY,1
1093,4,,E78,ECONOMY,1
1094,4,,E79,ECONOMY,0
1095,4,,E80,ECONOMY,0
1096,4,,E81,ECONOMY,0
1097,4,,E82,ECONOMY,0
1098,4,,E83,ECONOMY,1
1099,4,,E84,ECONOMY,1
1100,4,,E85,ECONOMY,0
1101,4,,E86,ECONOMY,0
1102,4,,E87,ECONOMY,0
1103,4,,E88,ECONOMY,0
1104,4,,E89,ECONOMY,1
1105,4,,E90,ECONOMY,1
1106,4,,E91,ECONOMY,0
1107,4,,E92,ECONOMY,0
1108,4,,E93,ECONOMY,0
1109,4,,E94,ECONOMY,0
1110,4,,E95,ECONOMY,1
1111,4,,E96,ECONOMY,1
1112,4,,E97,ECONOMY,0
1113,4,,E98,ECONOMY,0
1114,4,,E99,ECONOMY,0
1115,4,,E100,ECONOMY,0
1116,4,,E101,ECONOMY,1
1117,4,,E102,ECONOMY,1
1118,4,,E103,ECONOMY,0
1119,4,,E104,ECONOMY,0
1120,4,,E105,ECONOMY,0
1121,4,,E106,ECONOMY,0
1122,4,,E107,ECONOMY,1
1123,4,,E108,ECONOMY,1
1124,4,,E109,ECONOMY,0
1125,4,,E110,ECONOMY,0
1126,4,,E111,ECONOMY,0
1127,4,,E112,ECONOMY,0
1128,4,,E113,ECONOMY,1
1129,4,,E114,ECONOMY,1
1130,4,,E115,ECONOMY,0
1131,4,,E116,ECONOMY,0
1132,4,,E117,ECONOMY,0
1133,4,,E118,ECONOMY,0
1134,4,,E119,ECONOMY,1
1135,4,,E120,ECONOMY,1
1136,4,,E121,ECONOMY,0
1137,4,,E122,ECONOMY,0
1138,4,,E123,ECONOMY,0
1139,4,,E124,ECONOMY,0
1140,4,,E125,ECONOMY,1
1141,4,,E126,ECONOMY,1
1142,4,,E127,ECONOMY,0
1143,4,,E128,ECONOMY,0
1144,4,,E129,ECONOMY,0
1145,4,,E130,ECONOMY,0
1146,4,,E131,ECONOMY,1
1147,4,,E132,ECONOMY,1
1148,4,,E133,ECONOMY,0
1149,4,,E134,ECONOMY,0
1150,4,,E135,ECONOMY,0
1151,5,11,F1,FIRST,0
1152,5,84,F2,FIRST,1
1153,5,98,F3,FIRST,0
1154,5,,F4,FIRST,1
1155,5,,F5,FIRST,0
1156,5,,F6,FIRST,1
1157,5,,F7,FIRST,0
1158,5,,F8,FIRST,1
1159,5,,F9,FIRST,0
1160,5,,F10,FIRST,1
1161,5,,F11,FIRST,0
1162,5,,F12,FIRST,1
1163,5,,F13,FIRST,0
1164,5,,F14,FIRST,1
1165,5,,F15,FIRST,0
1166,5,,F16,FIRST,1
1167,5,,F17,FIRST,0
1168,5,,F18,FIRST,1
1169,5,,B1,BUSINESS,0
1170,5,,B2,BUSINESS,0
1171,5,,B3,BUSINESS,1
1172,5,,B4,BUSINESS,0
1173,5,,B5,BUSINESS,0
1174,5,,B6,BUSINESS,1
1175,5,,B7,BUSINESS,0
1176,5,,B8,BUSINESS,0
1177,5,,B9,BUSINESS,1
1178,5,,B10,BUSINESS,0
1179,5,,B11,BUSINESS,0
1180,5,,B12,BUSINESS,1
1181,5,,B13,BUSINESS,0
1182,5,,B14,BUSINESS,0
1183,5,,B15,BUSINESS,1
1184,5,,B16,BUSINESS,0
1185,5,,B17,BUSINESS,0
1186,5,,B18,BUSINESS,1
1187,5,,B19,BUSINESS,0
1188,5,,B20,BUSINESS,0
1189,5,,B21,BUSINESS,1
1190,5,,B22,BUSINESS,0
1191,5,,B23,BUSINESS,0
1192,5,,B24,BUSINESS,1
1193,5,,B25,BUSINESS,0
1194,5,,B26,BUSINESS,0
1195,5,,B27,BUSINESS,1
1196,5,,B28,BUSINESS,0
1197,5,,B29,BUSINESS,0
1198,5,,B30,BUSINESS,1
1199,5,,B31,BUSINESS,0
1200,5,,B32,BUSINESS,0
1201,5,,B33,BUSINESS,1
1202,5,,B34,BUSINESS,0
1203,5,,B35,BUSINESS,0
1204,5,,B36,BUSINESS,1
1205,5,,B37,BUSINESS,0
1206,5,,E1,ECONOMY,0
1207,5,,E2,ECONOMY,0
1208,5,,E3,ECONOMY,0
1209,5,,E4,ECONOMY,0
1210,5,,E5,ECONOMY,1
1211,5,,E6,ECONOMY,1
1212,5,,E7,ECONOMY,0
1213,5,,E8,ECONOMY,0
1214,5,,E9,ECONOMY,0
1215,5,,E10,ECONOMY,0
1216,5,,E11,ECONOMY,1
1217,5,,E12,ECONOMY,1
1218,5,,E13,ECONOMY,0
1219,5,,E14,ECONOMY,0
1220,5,,E15,ECONOMY,0
1221,5,,E16,ECONOMY,0
1222,5,,E17,ECONOMY,1
1223,5,,E18,ECONOMY,1
1224,5,,E19,ECONOMY,0
1225,5,,E20,ECONOMY,0
1226,5,,E21,ECONOMY,0
1227,5,,E22,ECONOMY,0
1228,5,,E23,ECONOMY,1
1229,5,,E24,ECONOMY,1
1230,5,,E25,ECONOMY,0
1231,5,,E26,ECONOMY,0
1232,5,,E27,ECONOMY,0
1233,5,,E28,ECONOMY,0
1234,5,,E29,ECONOMY,1
1235,5,,E30,ECONOMY,1
1236,5,,E31,ECONOMY,0
1237,5,,E32,ECONOMY,0
1238,5,,E33,ECONOMY,0
1239,5,,E34,ECONOMY,0
1240,5,,E35,ECONOMY,1
1241,5,,E36,ECONOMY,1
1242,5,,E37,ECONOMY,0
1243,5,,E38,ECONOMY,0
1244,5,,E39,ECONOMY,0
1245,5,,E40,ECONOMY,0
1246,5,,E41,ECONOMY,1
1247,5,,E42,ECONOMY,1
1248,5,,E43,ECONOMY,0
1249,5,,E44,ECONOMY,0
1250,5,,E45,ECONOMY,0
1251,5,,E46,ECONOMY,0
1252,5,,E47,ECONOMY,1
1253,5,,E48,ECONOMY,1
1254,5,,E49,ECONOMY,0
1255,5,,E50,ECONOMY,0
1256,5,,E51,ECONOMY,0
1257,5,,E52,ECONOMY,0
1258,5,,E53,ECONOMY,1
1259,5,,E54,ECONOMY,1
1260,5,,E55,ECONOMY,0
1261,5,,E56,ECONOMY,0
1262,5,,E57,ECONOMY,0
1263,5,,E58,ECONOMY,0
1264,5,,E59,ECONOMY,1
1265,5,,E60,ECONOMY,1
1266,5,,E61,ECONOMY,0
1267,5,,E62,ECONOMY,0
1268,5,,E63,ECONOMY,0
1269,5,,E64,ECONOMY,0
1270,5,,E65,ECONOMY,1
1271,5,,E66,ECONOMY,1
1272,5,,E67,ECONOMY,0
1273,5,,E68,ECONOMY,0
1274,5,,E69,ECONOMY,0
1275,5,,E70,ECONOMY,0
1276,5,,E71,ECONOMY,1
1277,5,,E72,ECONOMY,1
1278,5,,E73,ECONOMY,0
1279,5,,E74,ECONOMY,0
1280,5,,E75,ECONOMY,0
1281,5,,E76,ECONOMY,0
1282,5,,E77,ECONOMY,1
1283,5,,E78,ECONOMY,1
1284,5,,E79,ECONOMY,0
1285,5,,E80,ECONOMY,0
1286,5,,E81,ECONOMY,0
1287,5,,E82,ECONOMY,0
1288,5,,E83,ECONOMY,1
1289,5,,E84,ECONOMY,1
1290,5,,E85,ECONOMY,0
1291,5,,E86,ECONOMY,0
1292,5,,E87,ECONOMY,0
1293,5,,E88,ECONOMY,0
1294,5,,E89,ECONOMY,1
1295,5,,E90,ECONOMY,1
1296,5,,E91,ECONOMY,0
1297,5,,E92,ECONOMY,0
1298,5,,E93,ECONOMY,0
1299,5,,E94,ECONOMY,0
1300,5,,E95,ECONOMY,1
1301,5,,E96,ECONOMY,1
1302,5,,E97,ECONOMY,0
1303,5,,E98,ECONOMY,0
1304,5,,E99,ECONOMY,0
1305,5,,E100,ECONOMY,0
1306,5,,E101,ECONOMY,1
1307,5,,E102,ECONOMY,1
1308,5,,E103,ECONOMY,0
1309,5,,E104,ECONOMY,0
1310,5,,E105,ECONOMY,0
1311,5,,E106,ECONOMY,0
1312,5,,E107,ECONOMY,1
1313,5,,E108,ECONOMY,1
1314,5,,E109,ECONOMY,0
1315,5,,E110,ECONOMY,0
1316,5,,E111,ECONOMY,0
1317,5,,E112,ECONOMY,0
1318,5,,E113,ECONOMY,1
1319,5,,E114,ECONOMY,1
1320,5,,E115,ECONOMY,0
1321,5,,E116,ECONOMY,0
1322,5,,E117,ECONOMY,0
1323,5,,E118,ECONOMY,0
1324,5,,E119,ECONOMY,1
1325,5,,E120,ECONOMY,1
1326,5,,E121,ECONOMY,0
1327,5,,E122,ECONOMY,0
1328,5,,E123,ECONOMY,0
1329,5,,E124,ECONOMY,0
1330,5,,E125,ECONOMY,1
1331,5,,E126,ECONOMY,1
1332,5,,E127,ECONOMY,0
1333,5,,E128,ECONOMY,0
1334,5,,E129,ECONOMY,0
1335,5,,E130,ECONOMY,0
1336,5,,E131,ECONOMY,1
1337,5,,E132,ECONOMY,1
1338,6,32,F1,FIRST,0
1339,6,46,F2,FIRST,1
1340,6,48,F3,FIRST,0
1341,6,53,F4,FIRST,1
1342,6,67,F5,FIRST,0
1343,6,,F6,FIRST,1
1344,6,,F7,FIRST,0
1345,6,,F8,FIRST,1
1346,6,,F9,FIRST,0
1347,6,,F10,FIRST,1
1348,6,,F11,FIRST,0
1349,6,,F12,FIRST,1
1350,6,,F13,FIRST,0
1351,6,,F14,FIRST,1
1352,6,,F15,FIRST,0
1353,6,,F16,FIRST,1
1354,6,,F17,FIRST,0
1355,6,,F18,FIRST,1
1356,6,,F19,FIRST,0
1357,6,,F20,FIRST,1
1358,6,,F21,FIRST,0
1359,6,,F22,FIRST,1
1360,6,,F23,FIRST,0
1361,6,,F24,FIRST,1
1362,6,,F25,FIRST,0
1363,6,,F26,FIRST,1
1364,6,,F27,FIRST,0
1365,6,,F28,FIRST,1
1366,6,,F29,FIRST,0
1367,6,,F30,FIRST,1
1368,6,,F31,FIRST,0
1369,6,,F32,FIRST,1
1370,6,,F33,FIRST,0
1371,6,,F34,FIRST,1
1372,6,,F35,FIRST,0
1373,6,,F36,FIRST,1
1374,6,,F37,FIRST,0
1375,6,,B1,BUSINESS,0
1376,6,,B2,BUSINESS,0
1377,6,,B3,BUSINESS,1
1378,6,,B4,BUSINESS,0
1379,6,,B5,BUSINESS,0
1380,6,,B6,BUSINESS,1
1381,6,,B7,BUSINESS,0
1382,6,,B8,BUSINESS,0
1383,6,,B9,BUSINESS,1
1384,6,,B10,BUSINESS,0
1385,6,,B11,BUSINESS,0
1386,6,,B12,BUSINESS,1
1387,6,,B13,BUSINESS,0
1388,6,,B14,BUSINESS,0
1389,6,,B15,BUSINESS,1
1390,6,,B16,BUSINESS,0
1391,6,,B17,BUSINESS,0
1392,6,,B18,BUSINESS,1
1393,6,,B19,BUSINESS,0
1394,6,,B20,BUSINESS,0
1395,6,,B21,BUSINESS,1
1396,6,,B22,BUSINESS,0
1397,6,,B23,BUSINESS,0
1398,6,,B24,BUSINESS,1
1399,6,,B25,BUSINESS,0
1400,6,,B26,BUSINESS,0
1401,6,,B27,BUSINESS,1
1402,6,,B28,BUSINESS,0
1403,6,,B29,BUSINESS,0
1404,6,,B30,BUSINESS,1
1405,6,,B31,BUSINESS,0
1406,6,,B32,BUSINESS,0
1407,6,,B33,BUSINESS,1
1408,6,,B34,BUSINESS,0
1409,6,,B35,BUSINESS,0
1410,6,,B36,BUSINESS,1
1411,6,,B37,BUSINESS,0
1412,6,,B38,BUSINESS,0
1413,6,,B39,BUSINESS,1
1414,6,,B40,BUSINESS,0
1415,6,,B41,BUSINESS,0
1416,6,,B42,BUSINESS,1
1417,6,,B43,BUSINESS,0
1418,6,,B44,BUSINESS,0
1419,6,,B45,BUSINESS,1
1420,6,,B46,BUSINESS,0
1421,6,,B47,BUSINESS,0
1422,6,,B48,BUSINESS,1
1423,6,,B49,BUSINESS,0
1424,6,,B50,BUSINESS,0
1425,6,,B51,BUSINESS,1
1426,6,,B52,BUSINESS,0
1427,6,,B53,BUSINESS,0
1428,6,,B54,BUSINESS,1
1429,6,,B55,BUSINESS,0
1430,6,,B56,BUSINESS,0
1431,6,,B57,BUSINESS,1
1432,6,,B58,BUSINESS,0
1433,6,,B59,BUSINESS,0
1434,6,,B60,BUSINESS,1
1435,6,,B61,BUSINESS,0
1436,6,,B62,BUSINESS,0
1437,6,,B63,BUSINESS,1
1438,6,,B64,BUSINESS,0
1439,6,,B65,BUSINESS,0
1440,6,,B66,BUSINESS,1
1441,6,,B67,BUSINESS,0
1442,6,,B68,BUSINESS,0
1443,6,,B69,BUSINESS,1
1444,6,,B70,BUSINESS,0
1445,6,,B71,BUSINESS,0
1446,6,,B72,BUSINESS,1
1447,6,,B73,BUSINESS,0
1448,6,,B74,BUSINESS,0
1449,6,,E1,ECONOMY,0
1450,6,,E2,ECONOMY,0
1451,6,,E3,ECONOMY,0
1452,6,,E4,ECONOMY,0
1453,6,,E5,ECONOMY,1
1454,6,,E6,ECONOMY,1
1455,6,,E7,ECONOMY,0
1456,6,,E8,ECONOMY,0
1457,6,,E9,ECONOMY,0
1458,6,,E10,ECONOMY,0
1459,6,,E11,ECONOMY,1
1460,6,,E12,ECONOMY,1
1461,6,,E13,ECONOMY,0
1462,6,,E14,ECONOMY,0
1463,6,,E15,ECONOMY,0
1464,6,,E16,ECONOMY,0
1465,6,,E17,ECONOMY,1
1466,6,,E18,ECONOMY,1
1467,6,,E19,ECONOMY,0
1468,6,,E20,ECONOMY,0
1469,6,,E21,ECONOMY,0
1470,6,,E22,ECONOMY,0
1471,6,,E23,ECONOMY,1
1472,6,,E24,ECONOMY,1
1473,6,,E25,ECONOMY,0
1474,6,,E26,ECONOMY,0
1475,6,,E27,ECONOMY,0
1476,6,,E28,ECONOMY,0
1477,6,,E29,ECONOMY,1
1478,6,,E30,ECONOMY,1
1479,6,,E31,ECONOMY,0
1480,6,,E32,ECONOMY,0
1481,6,,E33,ECONOMY,0
1482,6,,E34,ECONOMY,0
1483,6,,E35,ECONOMY,1
1484,6,,E36,ECONOMY,1
1485,6,,E37,ECONOMY,0
1486,6,,E38,ECONOMY,0
1487,6,,E39,ECONOMY,0
1488,6,,E40,ECONOMY,0
1489,6,,E41,ECONOMY,1
1490,6,,E42,ECONOMY,1
1491,6,,E43,ECONOMY,0
1492,6,,E44,ECONOMY,0
1493,6,,E45,ECONOMY,0
1494,6,,E46,ECONOMY,0
1495,6,,E47,ECONOMY,1
1496,6,,E48,ECONOMY,1
1497,6,,E49,ECONOMY,0
1498,6,,E50,ECONOMY,0
1499,6,,E51,ECONOMY,0
1500,6,,E52,ECONOMY,0
1501,6,,E53,ECONOMY,1
1502,6,,E54,ECONOMY,1
1503,6,,E55,ECONOMY,0
1504,6,,E56,ECONOMY,0
1505,6,,E57,ECONOMY,0
1506,6,,E58,ECONOMY,0
1507,6,,E59,ECONOMY,1
1508,6,,E60,ECONOMY,1
1509,6,,E61,ECONOMY,0
1510,6,,E62,ECONOMY,0
1511,6,,E63,ECONOMY,0
1512,6,,E64,ECONOMY,0
1513,6,,E65,ECONOMY,1
1514,6,,E66,ECONOMY,1
1515,6,,E67,ECONOMY,0
1516,6,,E68,ECONOMY,0
1517,6,,E69,ECONOMY,0
1518,6,,E70,ECONOMY,0
1519,6,,E71,ECONOMY,1
1520,6,,E72,ECONOMY,1
1521,6,,E73,ECONOMY,0
1522,6,,E74,ECONOMY,0
1523,6,,E75,ECONOMY,0
1524,6,,E76,ECONOMY,0
1525,6,,E77,ECONOMY,1
1526,6,,E78,ECONOMY,1
1527,6,,E79,ECONOMY,0
1528,6,,E80,ECONOMY,0
1529,6,,E81,ECONOMY,0
1530,6,,E82,ECONOMY,0
1531,6,,E83,ECONOMY,1
1532,6,,E84,ECONOMY,1
1533,6,,E85,ECONOMY,0
1534,6,,E86,ECONOMY,0
1535,6,,E87,ECONOMY,0
1536,6,,E88,ECONOMY,0
1537,6,,E89,ECONOMY,1
1538,6,,E90,ECONOMY,1
1539,6,,E91,ECONOMY,0
1540,6,,E92,ECONOMY,0
1541,6,,E93,ECONOMY,0
1542,6,,E94,ECONOMY,0
1543,6,,E95,ECONOMY,1
1544,6,,E96,ECONOMY,1
1545,6,,E97,ECONOMY,0
1546,6,,E98,ECONOMY,0
1547,6,,E99,ECONOMY,0
1548,6,,E100,ECONOMY,0
1549,6,,E101,ECONOMY,1
1550,6,,E102,ECONOMY,1
1551,6,,E103,ECONOMY,0
1552,6,,E104,ECONOMY,0
1553,6,,E105,ECONOMY,0
1554,6,,E106,ECONOMY,0
1555,6,,E107,ECONOMY,1
1556,6,,E108,ECONOMY,1
1557,6,,E109,ECONOMY,0
1558,6,,E110,ECONOMY,0
1559,6,,E111,ECONOMY,0
1560,6,,E112,ECONOMY,0
1561,6,,E113,ECONOMY,1
1562,6,,E114,ECONOMY,1
1563,6,,E115,ECONOMY,0
1564,6,,E116,ECONOMY,0
1565,6,,E117,ECONOMY,0
1566,6,,E118,ECONOMY,0
1567,6,,E119,ECONOMY,1
1568,6,,E120,ECONOMY,1
1569,6,,E121,ECONOMY,0
1570,6,,E122,ECONOMY,0
1571,6,,E123,ECONOMY,0
1572,6,,E124,ECONOMY,0
1573,6,,E125,ECONOMY,1
1574,6,,E126,ECONOMY,1
1575,6,,E127,ECONOMY,0
1576,6,,E128,ECONOMY,0
1577,6,,E129,ECONOMY,0
1578,6,,E130,ECONOMY,0
1579,6,,E131,ECONOMY,1
1580,6,,E132,ECONOMY,1
1581,6,,E133,ECONOMY,0
1582,6,,E134,ECONOMY,0
1583,6,,E135,ECONOMY,0
1584,6,,E136,ECONOMY,0
1585,6,,E137,ECONOMY,1
1586,6,,E138,ECONOMY,1
1587,6,,E139,ECONOMY,0
1588,6,,E140,ECONOMY,0
1589,6,,E141,ECONOMY,0
1590,6,,E142,ECONOMY,0
1591,6,,E143,ECONOMY,1
1592,6,,E144,ECONOMY,1
1593,6,,E145,ECONOMY,0
1594,6,,E146,ECONOMY,0
1595,6,,E147,ECONOMY,0
1596,6,,E148,ECONOMY,0
1597,6,,E149,ECONOMY,1
1598,6,,E150,ECONOMY,1
1599,6,,E151,ECONOMY,0
1600,6,,E152,ECONOMY,0
1601,6,,E153,ECONOMY,0
1602,6,,E154,ECONOMY,0
1603,6,,E155,ECONOMY,1
1604,6,,E156,ECONOMY,1
1605,6,,E157,ECONOMY,0
1606,6,,E158,ECONOMY,0
1607,6,,E159,ECONOMY,0
1608,6,,E160,ECONOMY,0
1609,6,,E161,ECONOMY,1
1610,6,,E162,ECONOMY,1
1611,6,,E163,ECONOMY,0
1612,6,,E164,ECONOMY,0
1613,6,,E165,ECONOMY,0
1614,6,,E166,ECONOMY,0
1615,6,,E167,ECONOMY,1
1616,6,,E168,ECONOMY,1
1617,6,,E169,ECONOMY,0
1618,6,,E170,ECONOMY,0
1619,6,,E171,ECONOMY,0
1620,6,,E172,ECONOMY,0
1621,6,,E173,ECONOMY,1
1622,6,,E174,ECONOMY,1
1623,6,,E175,ECONOMY,0
1624,6,,E176,ECONOMY,0
1625,6,,E177,ECONOMY,0
1626,6,,E178,ECONOMY,0
1627,6,,E179,ECONOMY,1
1628,6,,E180,ECONOMY,1
1629,6,,E181,ECONOMY,0
1630,6,,E182,ECONOMY,0
1631,6,,E183,ECONOMY,0
1632,6,,E184,ECONOMY,0
1633,6,,E185,ECONOMY,1
1634,6,,E186,ECONOMY,1
1635,6,,E187,ECONOMY,0
1636,6,,E188,ECONOMY,0
1637,6,,E189,ECONOMY,0
1638,6,,E190,ECONOMY,0
1639,6,,E191,ECONOMY,1
1640,6,,E192,ECONOMY,1
1641,6,,E193,ECONOMY,0
1642,6,,E194,ECONOMY,0
1643,6,,E195,ECONOMY,0
1644,6,,E196,ECONOMY,0
1645,6,,E197,ECONOMY,1
1646,6,,E198,ECONOMY,1
1647,6,,E199,ECONOMY,0
1648,6,,E200,ECONOMY,0
1649,6,,E201,ECONOMY,0
1650,6,,E202,ECONOMY,0
1651,6,,E203,ECONOMY,1
1652,6,,E204,ECONOMY,1
1653,6,,E205,ECONOMY,0
1654,6,,E206,ECONOMY,0
1655,6,,E207,ECONOMY,0
1656,6,,E208,ECONOMY,0
1657,6,,E209,ECONOMY,1
1658,6,,E210,ECONOMY,1
1659,6,,E211,ECONOMY,0
1660,6,,E212,ECONOMY,0
1661,6,,E213,ECONOMY,0
1662,6,,E214,ECONOMY,0
1663,6,,E215,ECONOMY,1
1664,6,,E216,ECONOMY,1
1665,6,,E217,ECONOMY,0
1666,6,,E218,ECONOMY,0
1667,6,,E219,ECONOMY,0
1668,6,,E220,ECONOMY,0
1669,6,,E221,ECONOMY,1
1670,6,,E222,ECONOMY,1
1671,6,,E223,ECONOMY,0
1672,6,,E224,ECONOMY,0
1673,6,,E225,ECONOMY,0
1674,6,,E226,ECONOMY,0
1675,6,,E227,ECONOMY,1
1676,6,,E228,ECONOMY,1
1677,6,,E229,ECONOMY,0
1678,6,,E230,ECONOMY,0
1679,6,,E231,ECONOMY,0
1680,6,,E232,ECONOMY,0
1681,6,,E233,ECONOMY,1
1682,6,,E234,ECONOMY,1
1683,6,,E235,ECONOMY,0
1684,6,,E236,ECONOMY,0
1685,6,,E237,ECONOMY,0
1686,6,,E238,ECONOMY,0
1687,6,,E239,ECONOMY,1
1688,6,,E240,ECONOMY,1
1689,6,,E241,ECONOMY,0
1690,6,,E242,ECONOMY,0
1691,6,,E243,ECONOMY,0
1692,6,,E244,ECONOMY,0
1693,6,,E245,ECONOMY,1
1694,6,,E246,ECONOMY,1
1695,6,,E247,ECONOMY,0
1696,6,,E248,ECONOMY,0
1697,6,,E249,ECONOMY,0
1698,6,,E250,ECONOMY,0
1699,6,,E251,ECONOMY,1
1700,6,,E252,ECONOMY,1
1701,6,,E253,ECONOMY,0
1702,6,,E254,ECONOMY,0
1703,6,,E255,ECONOMY,0
1704,6,,E256,ECONOMY,0
1705,6,,E257,ECONOMY,1
1706,6,,E258,ECONOMY,1
1707,6,,E259,ECONOMY,0
1708,6,,E260,ECONOMY,0
1709,7,1,F1,FIRST,0
1710,7,2,F2,FIRST,1
1711,7,24,F3,FIRST,0
1712,7,37,F4,FIRST,1
1713,7,41,F5,FIRST,0
1714,7,54,F6,FIRST,1
1715,7,56,F7,FIRST,0
1716,7,59,F8,FIRST,1
1717,7,60,F9,FIRST,0
1718,7,82,F10,FIRST,1
1719,7,,F11,FIRST,0
1720,7,,F12,FIRST,1
1721,7,,F13,FIRST,0
1722,7,,F14,FIRST,1
1723,7,,F15,FIRST,0
1724,7,,F16,FIRST,1
1725,7,,F17,FIRST,0
1726,7,,F18,FIRST,1
1727,7,,F19,FIRST,0
1728,7,,F20,FIRST,1
1729,7,,F21,FIRST,0
1730,7,,F22,FIRST,1
1731,7,,F23,FIRST,0
1732,7,,F24,FIRST,1
1733,7,,F25,FIRST,0
1734,7,,F26,FIRST,1
1735,7,,F27,FIRST,0
1736,7,,F28,FIRST,1
1737,7,,F29,FIRST,0
1738,7,,B1,BUSINESS,0
1739,7,,B2,BUSINESS,0
1740,7,,B3,BUSINESS,1
1741,7,,B4,BUSINESS,0
1742,7,,B5,BUSINESS,0
1743,7,,B6,BUSINESS,1
1744,7,,B7,BUSINESS,0
1745,7,,B8,BUSINESS,0
1746,7,,B9,BUSINESS,1
1747,7,,B10,BUSINESS,0
1748,7,,B11,BUSINESS,0
1749,7,,B12,BUSINESS,1
1750,7,,B13,BUSINESS,0
1751,7,,B14,BUSINESS,0
1752,7,,B15,BUSINESS,1
1753,7,,B16,BUSINESS,0
1754,7,,B17,BUSINESS,0
1755,7,,B18,BUSINESS,1
1756,7,,B19,BUSINESS,0
1757,7,,B20,BUSINESS,0
1758,7,,B21,BUSINESS,1
1759,7,,B22,BUSINESS,0
1760,7,,B23,BUSINESS,0
1761,7,,B24,BUSINESS,1
1762,7,,B25,BUSINESS,0
1763,7,,B26,BUSINESS,0
1764,7,,B27,BUSINESS,1
1765,7,,B28,BUSINESS,0
1766,7,,B29,BUSINESS,0
1767,7,,B30,BUSINESS,1
1768,7,,B31,BUSINESS,0
1769,7,,B32,BUSINESS,0
1770,7,,B33,BUSINESS,1
1771,7,,B34,BUSINESS,0
1772,7,,B35,BUSINESS,0
1773,7,,B36,BUSINESS,1
1774,7,,B37,BUSINESS,0
1775,7,,B38,BUSINESS,0
1776,7,,B39,BUSINESS,1
1777,7,,B40,BUSINESS,0
1778,7,,B41,BUSINESS,0
1779,7,,B42,BUSINESS,1
1780,7,,B43,BUSINESS,0
1781,7,,B44,BUSINESS,0
1782,7,,B45,BUSINESS,1
1783,7,,B46,BUSINESS,0
1784,7,,B47,BUSINESS,0
1785,7,,B48,BUSINESS,1
1786,7,,B49,BUSINESS,0
1787,7,,B50,BUSINESS,0
1788,7,,B51,BUSINESS,1
1789,7,,B52,BUSINESS,0
1790,7,,B53,BUSINESS,0
1791,7,,B54,BUSINESS,1
1792,7,,B55,BUSINESS,0
1793,7,,B56,BUSINESS,0
1794,7,,B57,BUSINESS,1
1795,7,,B58,BUSINESS,0
1796,7,,E1,ECONOMY,0
1797,7,,E2,ECONOMY,0
1798,7,,E3,ECONOMY,0
1799,7,,E4,ECONOMY,0
1800,7,,E5,ECONOMY,1
1801,7,,E6,ECONOMY,1
1802,7,,E7,ECONOMY,0
1803,7,,E8,ECONOMY,0
1804,7,,E9,ECONOMY,0
1805,7,,E10,ECONOMY,0
1806,7,,E11,ECONOMY,1
1807,7,,E12,ECONOMY,1
1808,7,,E13,ECONOMY,0
1809,7,,E14,ECONOMY,0
1810,7,,E15,ECONOMY,0
1811,7,,E16,ECONOMY,0
1812,7,,E17,ECONOMY,1
1813,7,,E18,ECONOMY,1
1814,7,,E19,ECONOMY,0
1815,7,,E20,ECONOMY,0
1816,7,,E21,ECONOMY,0
1817,7,,E22,ECONOMY,0
1818,7,,E23,ECONOMY,1
1819,7,,E24,ECONOMY,1
1820,7,,E25,ECONOMY,0
1821,7,,E26,ECONOMY,0
1822,7,,E27,ECONOMY,0
1823,7,,E28,ECONOMY,0
1824,7,,E29,ECONOMY,1
1825,7,,E30,ECONOMY,1
1826,7,,E31,ECONOMY,0
1827,7,,E32,ECONOMY,0
1828,7,,E33,ECONOMY,0
1829,7,,E34,ECONOMY,0
1830,7,,E35,ECONOMY,1
1831,7,,E36,ECONOMY,1
1832,7,,E37,ECONOMY,0
1833,7,,E38,ECONOMY,0
1834,7,,E39,ECONOMY,0
1835,7,,E40,ECONOMY,0
1836,7,,E41,ECONOMY,1
1837,7,,E42,ECONOMY,1
1838,7,,E43,ECONOMY,0
1839,7,,E44,ECONOMY,0
1840,7,,E45,ECONOMY,0
1841,7,,E46,ECONOMY,0
1842,7,,E47,ECONOMY,1
1843,7,,E48,ECONOMY,1
1844,7,,E49,ECONOMY,0
1845,7,,E50,ECONOMY,0
1846,7,,E51,ECONOMY,0
1847,7,,E52,ECONOMY,0
1848,7,,E53,ECONOMY,1
1849,7,,E54,ECONOMY,1
1850,7,,E55,ECONOMY,0
1851,7,,E56,ECONOMY,0
1852,7,,E57,ECONOMY,0
1853,7,,E58,ECONOMY,0
1854,7,,E59,ECONOMY,1
1855,7,,E60,ECONOMY,1
1856,7,,E61,ECONOMY,0
1857,7,,E62,ECONOMY,0
1858,7,,E63,ECONOMY,0
1859,7,,E64,ECONOMY,0
1860,7,,E65,ECONOMY,1
1861,7,,E66,ECONOMY,1
1862,7,,E67,ECONOMY,0
1863,7,,E68,ECONOMY,0
1864,7,,E69,ECONOMY,0
1865,7,,E70,ECONOMY,0
1866,7,,E71,ECONOMY,1
1867,7,,E72,ECONOMY,1
1868,7,,E73,ECONOMY,0
1869,7,,E74,ECONOMY,0
1870,7,,E75,ECONOMY,0
1871,7,,E76,ECONOMY,0
1872,7,,E77,ECONOMY,1
1873,7,,E78,ECONOMY,1
1874,7,,E79,ECONOMY,0
1875,7,,E80,ECONOMY,0
1876,7,,E81,ECONOMY,0
1877,7,,E82,ECONOMY,0
1878,7,,E83,ECONOMY,1
1879,7,,E84,ECONOMY,1
1880,7,,E85,ECONOMY,0
1881,7,,E86,ECONOMY,0
1882,7,,E87,ECONOMY,0
1883,7,,E88,ECONOMY,0
1884,7,,E89,ECONOMY,1
1885,7,,E90,ECONOMY,1
1886,7,,E91,ECONOMY,0
1887,7,,E92,ECONOMY,0
1888,7,,E93,ECONOMY,0
1889,7,,E94,ECONOMY,0
1890,7,,E95,ECONOMY,1
1891,7,,E96,ECONOMY,1
1892,7,,E97,ECONOMY,0
1893,7,,E98,ECONOMY,0
1894,7,,E99,ECONOMY,0
1895,7,,E100,ECONOMY,0
1896,7,,E101,ECONOMY,1
1897,7,,E102,ECONOMY,1
1898,7,,E103,ECONOMY,0
1899,7,,E104,ECONOMY,0
1900,7,,E105,ECONOMY,0
1901,7,,E106,ECONOMY,0
1902,7,,E107,ECONOMY,1
1903,7,,E108,ECONOMY,1
1904,7,,E109,ECONOMY,0
1905,7,,E110,ECONOMY,0
1906,7,,E111,ECONOMY,0
1907,7,,E112,ECONOMY,0
1908,7,,E113,ECONOMY,1
1909,7,,E114,ECONOMY,1
1910,7,,E115,ECONOMY,0
1911,7,,E116,ECONOMY,0
1912,7,,E117,ECONOMY,0
1913,7,,E118,ECONOMY,0
1914,7,,E119,ECONOMY,1
1915,7,,E120,ECONOMY,1
1916,7,,E121,ECONOMY,0
1917,7,,E122,ECONOMY,0
1918,7,,E123,ECONOMY,0
1919,7,,E124,ECONOMY,0
1920,7,,E125,ECONOMY,1
1921,7,,E126,ECONOMY,1
1922,7,,E127,ECONOMY,0
1923,7,,E128,ECONOMY,0
1924,7,,E129,ECONOMY,0
1925,7,,E130,ECONOMY,0
1926,7,,E131,ECONOMY,1
1927,7,,E132,ECONOMY,1
1928,7,,E133,ECONOMY,0
1929,7,,E134,ECONOMY,0
1930,7,,E135,ECONOMY,0
1931,7,,E136,ECONOMY,0
1932,7,,E137,ECONOMY,1
1933,7,,E138,ECONOMY,1
1934,7,,E139,ECONOMY,0
1935,7,,E140,ECONOMY,0
1936,7,,E141,ECONOMY,0
1937,7,,E142,ECONOMY,0
1938,7,,E143,ECONOMY,1
1939,7,,E144,ECONOMY,1
1940,7,,E145,ECONOMY,0
1941,7,,E146,ECONOMY,0
1942,7,,E147,ECONOMY,0
1943,7,,E148,ECONOMY,0
1944,7,,E149,ECONOMY,1
1945,7,,E150,ECONOMY,1
1946,7,,E151,ECONOMY,0
1947,7,,E152,ECONOMY,0
1948,7,,E153,ECONOMY,0
1949,7,,E154,ECONOMY,0
1950,7,,E155,ECONOMY,1
1951,7,,E156,ECONOMY,1
1952,7,,E157,ECONOMY,0
1953,7,,E158,ECONOMY,0
1954,7,,E159,ECONOMY,0
1955,7,,E160,ECONOMY,0
1956,7,,E161,ECONOMY,1
1957,7,,E162,ECONOMY,1
1958,7,,E163,ECONOMY,0
1959,7,,E164,ECONOMY,0
1960,7,,E165,ECONOMY,0
1961,7,,E166,ECONOMY,0
1962,7,,E167,ECONOMY,1
1963,7,,E168,ECONOMY,1
1964,7,,E169,ECONOMY,0
1965,7,,E170,ECONOMY,0
1966,7,,E171,ECONOMY,0
1967,7,,E172,ECONOMY,0
1968,7,,E173,ECONOMY,1
1969,7,,E174,ECONOMY,1
1970,7,,E175,ECONOMY,0
1971,7,,E176,ECONOMY,0
1972,7,,E177,ECONOMY,0
1973,7,,E178,ECONOMY,0
1974,7,,E179,ECONOMY,1
1975,7,,E180,ECONOMY,1
1976,7,,E181,ECONOMY,0
1977,7,,E182,ECONOMY,0
1978,7,,E183,ECONOMY,0
1979,7,,E184,ECONOMY,0
1980,7,,E185,ECONOMY,1
1981,7,,E186,ECONOMY,1
1982,7,,E187,ECONOMY,0
1983,7,,E188,ECONOMY,0
1984,7,,E189,ECONOMY,0
1985,7,,E190,ECONOMY,0
1986,7,,E191,ECONOMY,1
1987,7,,E192,ECONOMY,1
1988,7,,E193,ECONOMY,0
1989,7,,E194,ECONOMY,0
1990,7,,E195,ECONOMY,0
1991,7,,E196,ECONOMY,0
1992,7,,E197,ECONOMY,1
1993,7,,E198,ECONOMY,1
1994,7,,E199,ECONOMY,0
1995,7,,E200,ECONOMY,0
1996,7,,E201,ECONOMY,0
1997,7,,E202,ECONOMY,0
1998,7,,E203,ECONOMY,1
1999,7,,E204,ECONOMY,1
2000,7,,E205,ECONOMY,0
2001,7,,E206,ECONOMY,0
2002,8,3,F1,FIRST,0
2003,8,5,F2,FIRST,1
2004,8,12,F3,FIRST,0
2005,8,27,F4,FIRST,1
2006,8,45,F5,FIRST,0
2007,8,50,F6,FIRST,1
2008,8,52,F7,FIRST,0
2009,8,63,F8,FIRST,1
2010,8,77,F9,FIRST,0
2011,8,91,F10,FIRST,1
2012,8,99,F11,FIRST,0
2013,8,100,F12,FIRST,1
2014,8,,F13,FIRST,0
2015,8,,F14,FIRST,1
2016,8,,F15,FIRST,0
2017,8,,F16,FIRST,1
2018,8,,F17,FIRST,0
2019,8,,F18,FIRST,1
2020,8,,F19,FIRST,0
2021,8,,F20,FIRST,1
2022,8,,F21,FIRST,0
2023,8,,F22,FIRST,1
2024,8,,F23,FIRST,0
2025,8,,F24,FIRST,1
2026,8,,F25,FIRST,0
2027,8,,F26,FIRST,1
2028,8,,F27,FIRST,0
2029,8,,F28,FIRST,1
2030,8,,F29,FIRST,0
2031,8,,F30,FIRST,1
2032,8,,F31,FIRST,0
2033,8,,F32,FIRST,1
2034,8,,F33,FIRST,0
2035,8,,F34,FIRST,1
2036,8,,F35,FIRST,0
2037,8,,F36,FIRST,1
2038,8,,F37,FIRST,0
2039,8,,F38,FIRST,1
2040,8,,B1,BUSINESS,0
2041,8,,B2,BUSINESS,0
2042,8,,B3,BUSINESS,1
2043,8,,B4,BUSINESS,0
2044,8,,B5,BUSINESS,0
2045,8,,B6,BUSINESS,1
2046,8,,B7,BUSINESS,0
2047,8,,B8,BUSINESS,0
2048,8,,B9,BUSINESS,1
2049,8,,B10,BUSINESS,0
2050,8,,B11,BUSINESS,0
2051,8,,B12,BUSINESS,1
2052,8,,B13,BUSINESS,0
2053,8,,B14,BUSINESS,0
2054,8,,B15,BUSINESS,1
2055,8,,B16,BUSINESS,0
2056,8,,B17,BUSINESS,0
2057,8,,B18,BUSINESS,1
2058,8,,B19,BUSINESS,0
2059,8,,B20,BUSINESS,0
2060,8,,B21,BUSINESS,1
2061,8,,B22,BUSINESS,0
2062,8,,B23,BUSINESS,0
2063,8,,B24,BUSINESS,1
2064,8,,B25,BUSINESS,0
2065,8,,B26,BUSINESS,0
2066,8,,B27,BUSINESS,1
2067,8,,B28,BUSINESS,0
2068,8,,B29,BUSINESS,0
2069,8,,B30,BUSINESS,1
2070,8,,B31,BUSINESS,0
2071,8,,B32,BUSINESS,0
2072,8,,B33,BUSINESS,1
2073,8,,B34,BUSINESS,0
2074,8,,B35,BUSINESS,0
2075,8,,B36,BUSINESS,1
2076,8,,B37,BUSINESS,0
2077,8,,B38,BUSINESS,0
2078,8,,B39,BUSINESS,1
2079,8,,B40,BUSINESS,0
2080,8,,B41,BUSINESS,0
2081,8,,B42,BUSINESS,1
2082,8,,B43,BUSINESS,0
2083,8,,B44,BUSINESS,0
2084,8,,B45,BUSINESS,1
2085,8,,B46,BUSINESS,0
2086,8,,B47,BUSINESS,0
2087,8,,B48,BUSINESS,1
2088,8,,B49,BUSINESS,0
2089,8,,B50,BUSINESS,0
2090,8,,B51,BUSINESS,1
2091,8,,B52,BUSINESS,0
2092,8,,B53,BUSINESS,0
2093,8,,B54,BUSINESS,1
2094,8,,B55,BUSINESS,0
2095,8,,B56,BUSINESS,0
2096,8,,B57,BUSINESS,1
2097,8,,B58,BUSINESS,0
2098,8,,B59,BUSINESS,0
2099,8,,B60,BUSINESS,1
2100,8,,B61,BUSINESS,0
2101,8,,B62,BUSINESS,0
2102,8,,B63,BUSINESS,1
2103,8,,B64,BUSINESS,0
2104,8,,B65,BUSINESS,0
2105,8,,B66,BUSINESS,1
2106,8,,B67,BUSINESS,0
2107,8,,B68,BUSINESS,0
2108,8,,B69,BUSINESS,1
2109,8,,B70,BUSINESS,0
2110,8,,B71,BUSINESS,0
2111,8,,B72,BUSINESS,1
2112,8,,B73,BUSINESS,0
2113,8,,B74,BUSINESS,0
2114,8,,B75,BUSINESS,1
2115,8,,B76,BUSINESS,0
2116,8,,B77,BUSINESS,0
2117,8,,E1,ECONOMY,0
2118,8,,E2,ECONOMY,0
2119,8,,E3,ECONOMY,0
2120,8,,E4,ECONOMY,0
2121,8,,E5,ECONOMY,1
2122,8,,E6,ECONOMY,1
2123,8,,E7,ECONOMY,0
2124,8,,E8,ECONOMY,0
2125,8,,E9,ECONOMY,0
2126,8,,E10,ECONOMY,0
2127,8,,E11,ECONOMY,1
2128,8,,E12,ECONOMY,1
2129,8,,E13,ECONOMY,0
2130,8,,E14,ECONOMY,0
2131,8,,E15,ECONOMY,0
2132,8,,E16,ECONOMY,0
2133,8,,E17,ECONOMY,1
2134,8,,E18,ECONOMY,1
2135,8,,E19,ECONOMY,0
2136,8,,E20,ECONOMY,0
2137,8,,E21,ECONOMY,0
2138,8,,E22,ECONOMY,0
2139,8,,E23,ECONOMY,1
2140,8,,E24,ECONOMY,1
2141,8,,E25,ECONOMY,0
2142,8,,E26,ECONOMY,0
2143,8,,E27,ECONOMY,0
2144,8,,E28,ECONOMY,0
2145,8,,E29,ECONOMY,1
2146,8,,E30,ECONOMY,1
2147,8,,E31,ECONOMY,0
2148,8,,E32,ECONOMY,0
2149,8,,E33,ECONOMY,0
2150,8,,E34,ECONOMY,0
2151,8,,E35,ECONOMY,1
2152,8,,E36,ECONOMY,1
2153,8,,E37,ECONOMY,0
2154,8,,E38,ECONOMY,0
2155,8,,E39,ECONOMY,0
2156,8,,E40,ECONOMY,0
2157,8,,E41,ECONOMY,1
2158,8,,E42,ECONOMY,1
2159,8,,E43,ECONOMY,0
2160,8,,E44,ECONOMY,0
2161,8,,E45,ECONOMY,0
2162,8,,E46,ECONOMY,0
2163,8,,E47,ECONOMY,1
2164,8,,E48,ECONOMY,1
2165,8,,E49,ECONOMY,0
2166,8,,E50,ECONOMY,0
2167,8,,E51,ECONOMY,0
2168,8,,E52,ECONOMY,0
2169,8,,E53,ECONOMY,1
2170,8,,E54,ECONOMY,1
2171,8,,E55,ECONOMY,0
2172,8,,E56,ECONOMY,0
2173,8,,E57,ECONOMY,0
2174,8,,E58,ECONOMY,0
2175,8,,E59,ECONOMY,1
2176,8,,E60,ECONOMY,1
2177,8,,E61,ECONOMY,0
2178,8,,E62,ECONOMY,0
2179,8,,E63,ECONOMY,0
2180,8,,E64,ECONOMY,0
2181,8,,E65,ECONOMY,1
2182,8,,E66,ECONOMY,1
2183,8,,E67,ECONOMY,0
2184,8,,E68,ECONOMY,0
2185,8,,E69,ECONOMY,0
2186,8,,E70,ECONOMY,0
2187,8,,E71,ECONOMY,1
2188,8,,E72,ECONOMY,1
2189,8,,E73,ECONOMY,0
2190,8,,E74,ECONOMY,0
2191,8,,E75,ECONOMY,0
2192,8,,E76,ECONOMY,0
2193,8,,E77,ECONOMY,1
2194,8,,E78,ECONOMY,1
2195,8,,E79,ECONOMY,0
2196,8,,E80,ECONOMY,0
2197,8,,E81,ECONOMY,0
2198,8,,E82,ECONOMY,0
2199,8,,E83,ECONOMY,1
2200,8,,E84,ECONOMY,1
2201,8,,E85,ECONOMY,0
2202,8,,E86,ECONOMY,0
2203,8,,E87,ECONOMY,0
2204,8,,E88,ECONOMY,0
2205,8,,E89,ECONOMY,1
2206,8,,E90,ECONOMY,1
2207,8,,E91,ECONOMY,0
2208,8,,E92,ECONOMY,0
2209,8,,E93,ECONOMY,0
2210,8,,E94,ECONOMY,0
2211,8,,E95,ECONOMY,1
2212,8,,E96,ECONOMY,1
2213,8,,E97,ECONOMY,0
2214,8,,E98,ECONOMY,0
2215,8,,E99,ECONOMY,0
2216,8,,E100,ECONOMY,0
2217,8,,E101,ECONOMY,1
2218,8,,E102,ECONOMY,1
2219,8,,E103,ECONOMY,0
2220,8,,E104,ECONOMY,0
2221,8,,E105,ECONOMY,0
2222,8,,E106,ECONOMY,0
2223,8,,E107,ECONOMY,1
2224,8,,E108,ECONOMY,1
2225,8,,E109,ECONOMY,0
2226,8,,E110,ECONOMY,0
2227,8,,E111,ECONOMY,0
2228,8,,E112,ECONOMY,0
2229,8,,E113,ECONOMY,1
2230,8,,E114,ECONOMY,1
2231,8,,E115,ECONOMY,0
2232,8,,E116,ECONOMY,0
2233,8,,E117,ECONOMY,0
2234,8,,E118,ECONOMY,0
2235,8,,E119,ECONOMY,1
2236,8,,E120,ECONOMY,1
2237,8,,E121,ECONOMY,0
2238,8,,E122,ECONOMY,0
2239,8,,E123,ECONOMY,0
2240,8,,E124,ECONOMY,0
2241,8,,E125,ECONOMY,1
2242,8,,E126,ECONOMY,1
2243,8,,E127,ECONOMY,0
2244,8,,E128,ECONOMY,0
2245,8,,E129,ECONOMY,0
2246,8,,E130,ECONOMY,0
2247,8,,E131,ECONOMY,1
2248,8,,E132,ECONOMY,1
2249,8,,E133,ECONOMY,0
2250,8,,E134,ECONOMY,0
2251,8,,E135,ECONOMY,0
2252,8,,E136,ECONOMY,0
2253,8,,E137,ECONOMY,1
2254,8,,E138,ECONOMY,1
2255,8,,E139,ECONOMY,0
2256,8,,E140,ECONOMY,0
2257,8,,E141,ECONOMY,0
2258,8,,E142,ECONOMY,0
2259,8,,E143,ECONOMY,1
2260,8,,E144,ECONOMY,1
2261,8,,E145,ECONOMY,0
2262,8,,E146,ECONOMY,0
2263,8,,E147,ECONOMY,0
2264,8,,E148,ECONOMY,0
2265,8,,E149,ECONOMY,1
2266,8,,E150,ECONOMY,1
2267,8,,E151,ECONOMY,0
2268,8,,E152,ECONOMY,0
2269,8,,E153,ECONOMY,0
2270,8,,E154,ECONOMY,0
2271,8,,E155,ECONOMY,1
2272,8,,E156,ECONOMY,1
2273,8,,E157,ECONOMY,0
2274,8,,E158,ECONOMY,0
2275,8,,E159,ECONOMY,0
2276,8,,E160,ECONOMY,0
2277,8,,E161,ECONOMY,1
2278,8,,E162,ECONOMY,1
2279,8,,E163,ECONOMY,0
2280,8,,E164,ECONOMY,0
2281,8,,E165,ECONOMY,0
2282,8,,E166,ECONOMY,0
2283,8,,E167,ECONOMY,1
2284,8,,E168,ECONOMY,1
2285,8,,E169,ECONOMY,0
2286,8,,E170,ECONOMY,0
2287,8,,E171,ECONOMY,0
2288,8,,E172,ECONOMY,0
2289,8,,E173,ECONOMY,1
2290,8,,E174,ECONOMY,1
2291,8,,E175,ECONOMY,0
2292,8,,E176,ECONOMY,0
2293,8,,E177,ECONOMY,0
2294,8,,E178,ECONOMY,0
2295,8,,E179,ECONOMY,1
2296,8,,E180,ECONOMY,1
2297,8,,E181,ECONOMY,0
2298,8,,E182,ECONOMY,0
2299,8,,E183,ECONOMY,0
2300,8,,E184,ECONOMY,0
2301,8,,E185,ECONOMY,1
2302,8,,E186,ECONOMY,1
2303,8,,E187,ECONOMY,0
2304,8,,E188,ECONOMY,0
2305,8,,E189,ECONOMY,0
2306,8,,E190,ECONOMY,0
2307,8,,E191,ECONOMY,1
2308,8,,E192,ECONOMY,1
2309,8,,E193,ECONOMY,0
2310,8,,E194,ECONOMY,0
2311,8,,E195,ECONOMY,0
2312,8,,E196,ECONOMY,0
2313,8,,E197,ECONOMY,1
2314,8,,E198,ECONOMY,1
2315,8,,E199,ECONOMY,0
2316,8,,E200,ECONOMY,0
2317,8,,E201,ECONOMY,0
2318,8,,E202,ECONOMY,0
2319,8,,E203,ECONOMY,1
2320,8,,E204,ECONOMY,1
2321,8,,E205,ECONOMY,0
2322,8,,E206,ECONOMY,0
2323,8,,E207,ECONOMY,0
2324,8,,E208,ECONOMY,0
2325,8,,E209,ECONOMY,1
2326,8,,E210,ECONOMY,1
2327,8,,E211,ECONOMY,0
2328,8,,E212,ECONOMY,0
2329,8,,E213,ECONOMY,0
2330,8,,E214,ECONOMY,0
2331,8,,E215,ECONOMY,1
2332,8,,E216,ECONOMY,1
2333,8,,E217,ECONOMY,0
2334,8,,E218,ECONOMY,0
2335,8,,E219,ECONOMY,0
2336,8,,E220,ECONOMY,0
2337,8,,E221,ECONOMY,1
2338,8,,E222,ECONOMY,1
2339,8,,E223,ECONOMY,0
2340,8,,E224,ECONOMY,0
2341,8,,E225,ECONOMY,0
2342,8,,E226,ECONOMY,0
2343,8,,E227,ECONOMY,1
2344,8,,E228,ECONOMY,1
2345,8,,E229,ECONOMY,0
2346,8,,E230,ECONOMY,0
2347,8,,E231,ECONOMY,0
2348,8,,E232,ECONOMY,0
2349,8,,E233,ECONOMY,1
2350,8,,E234,ECONOMY,1
2351,8,,E235,ECONOMY,0
2352,8,,E236,ECONOMY,0
2353,8,,E237,ECONOMY,0
2354,8,,E238,ECONOMY,0
2355,8,,E239,ECONOMY,1
2356,8,,E240,ECONOMY,1
2357,8,,E241,ECONOMY,0
2358,8,,E242,ECONOMY,0
2359,8,,E243,ECONOMY,0
2360,8,,E244,ECONOMY,0
2361,8,,E245,ECONOMY,1
2362,8,,E246,ECONOMY,1
2363,8,,E247,ECONOMY,0
2364,8,,E248,ECONOMY,0
2365,8,,E249,ECONOMY,0
2366,8,,E250,ECONOMY,0
2367,8,,E251,ECONOMY,1
2368,8,,E252,ECONOMY,1
2369,8,,E253,ECONOMY,0
2370,8,,E254,ECONOMY,0
2371,8,,E255,ECONOMY,0
2372,8,,E256,ECONOMY,0
2373,8,,E257,ECONOMY,1
2374,8,,E258,ECONOMY,1
2375,8,,E259,ECONOMY,0
2376,8,,E260,ECONOMY,0
2377,8,,E261,ECONOMY,0
2378,8,,E262,ECONOMY,0
2379,8,,E263,ECONOMY,1
2380,8,,E264,ECONOMY,1
2381,8,,E265,ECONOMY,0
2382,8,,E266,ECONOMY,0
2383,8,,E267,ECONOMY,0
2384,8,,E268,ECONOMY,0
2385,8,,E269,ECONOMY,1
2386,8,,E270,ECONOMY,1
2387,9,6,F1,FIRST,0
2388,9,7,F2,FIRST,1
2389,9,8,F3,FIRST,0
2390,9,17,F4,FIRST,1
2391,9,21,F5,FIRST,0
2392,9,28,F6,FIRST,1
2393,9,33,F7,FIRST,0
2394,9,40,F8,FIRST,1
2395,9,42,F9,FIRST,0
2396,9,61,F10,FIRST,1
2397,9,62,F11,FIRST,0
2398,9,66,F12,FIRST,1
2399,9,68,F13,FIRST,0
2400,9,92,F14,FIRST,1
2401,9,,F15,FIRST,0
2402,9,,F16,FIRST,1
2403,9,,F17,FIRST,0
2404,9,,F18,FIRST,1
2405,9,,F19,FIRST,0
2406,9,,F20,FIRST,1
2407,9,,F21,FIRST,0
2408,9,,F22,FIRST,1
2409,9,,F23,FIRST,0
2410,9,,F24,FIRST,1
2411,9,,F25,FIRST,0
2412,9,,F26,FIRST,1
2413,9,,F27,FIRST,0
2414,9,,F28,FIRST,1
2415,9,,F29,FIRST,0
2416,9,,F30,FIRST,1
2417,9,,B1,BUSINESS,0
2418,9,,B2,BUSINESS,0
2419,9,,B3,BUSINESS,1
2420,9,,B4,BUSINESS,0
2421,9,,B5,BUSINESS,0
2422,9,,B6,BUSINESS,1
2423,9,,B7,BUSINESS,0
2424,9,,B8,BUSINESS,0
2425,9,,B9,BUSINESS,1
2426,9,,B10,BUSINESS,0
2427,9,,B11,BUSINESS,0
2428,9,,B12,BUSINESS,1
2429,9,,B13,BUSINESS,0
2430,9,,B14,BUSINESS,0
2431,9,,B15,BUSINESS,1
2432,9,,B16,BUSINESS,0
2433,9,,B17,BUSINESS,0
2434,9,,B18,BUSINESS,1
2435,9,,B19,BUSINESS,0
2436,9,,B20,BUSINESS,0
2437,9,,B21,BUSINESS,1
2438,9,,B22,BUSINESS,0
2439,9,,B23,BUSINESS,0
2440,9,,B24,BUSINESS,1
2441,9,,B25,BUSINESS,0
2442,9,,B26,BUSINESS,0
2443,9,,B27,BUSINESS,1
2444,9,,B28,BUSINESS,0
2445,9,,B29,BUSINESS,0
2446,9,,B30,BUSINESS,1
2447,9,,B31,BUSINESS,0
2448,9,,B32,BUSINESS,0
2449,9,,B33,BUSINESS,1
2450,9,,B34,BUSINESS,0
2451,9,,B35,BUSINESS,0
2452,9,,B36,BUSINESS,1
2453,9,,B37,BUSINESS,0
2454,9,,B38,BUSINESS,0
2455,9,,B39,BUSINESS,1
2456,9,,B40,BUSINESS,0
2457,9,,B41,BUSINESS,0
2458,9,,B42,BUSINESS,1
2459,9,,B43,BUSINESS,0
2460,9,,B44,BUSINESS,0
2461,9,,B45,BUSINESS,1
2462,9,,B46,BUSINESS,0
2463,9,,B47,BUSINESS,0
2464,9,,B48,BUSINESS,1
2465,9,,B49,BUSINESS,0
2466,9,,B50,BUSINESS,0
2467,9,,B51,BUSINESS,1
2468,9,,B52,BUSINESS,0
2469,9,,B53,BUSINESS,0
2470,9,,B54,BUSINESS,1
2471,9,,B55,BUSINESS,0
2472,9,,B56,BUSINESS,0
2473,9,,B57,BUSINESS,1
2474,9,,B58,BUSINESS,0
2475,9,,B59,BUSINESS,0
2476,9,,B60,BUSINESS,1
2477,9,,E1,ECONOMY,0
2478,9,,E2,ECONOMY,0
2479,9,,E3,ECONOMY,0
2480,9,,E4,ECONOMY,0
2481,9,,E5,ECONOMY,1
2482,9,,E6,ECONOMY,1
2483,9,,E7,ECONOMY,0
2484,9,,E8,ECONOMY,0
2485,9,,E9,ECONOMY,0
2486,9,,E10,ECONOMY,0
2487,9,,E11,ECONOMY,1
2488,9,,E12,ECONOMY,1
2489,9,,E13,ECONOMY,0
2490,9,,E14,ECONOMY,0
2491,9,,E15,ECONOMY,0
2492,9,,E16,ECONOMY,0
2493,9,,E17,ECONOMY,1
2494,9,,E18,ECONOMY,1
2495,9,,E19,ECONOMY,0
2496,9,,E20,ECONOMY,0
2497,9,,E21,ECONOMY,0
2498,9,,E22,ECONOMY,0
2499,9,,E23,ECONOMY,1
2500,9,,E24,ECONOMY,1
2501,9,,E25,ECONOMY,0
2502,9,,E26,ECONOMY,0
2503,9,,E27,ECONOMY,0
2504,9,,E28,ECONOMY,0
2505,9,,E29,ECONOMY,1
2506,9,,E30,ECONOMY,1
2507,9,,E31,ECONOMY,0
2508,9,,E32,ECONOMY,0
2509,9,,E33,ECONOMY,0
2510,9,,E34,ECONOMY,0
2511,9,,E35,ECONOMY,1
2512,9,,E36,ECONOMY,1
2513,9,,E37,ECONOMY,0
2514,9,,E38,ECONOMY,0
2515,9,,E39,ECONOMY,0
2516,9,,E40,ECONOMY,0
2517,9,,E41,ECONOMY,1
2518,9,,E42,ECONOMY,1
2519,9,,E43,ECONOMY,0
2520,9,,E44,ECONOMY,0
2521,9,,E45,ECONOMY,0
2522,9,,E46,ECONOMY,0
2523,9,,E47,ECONOMY,1
2524,9,,E48,ECONOMY,1
2525,9,,E49,ECONOMY,0
2526,9,,E50,ECONOMY,0
2527,9,,E51,ECONOMY,0
2528,9,,E52,ECONOMY,0
2529,9,,E53,ECONOMY,1
2530,9,,E54,ECONOMY,1
2531,9,,E55,ECONOMY,0
2532,9,,E56,ECONOMY,0
2533,9,,E57,ECONOMY,0
2534,9,,E58,ECONOMY,0
2535,9,,E59,ECONOMY,1
2536,9,,E60,ECONOMY,1
2537,9,,E61,ECONOMY,0
2538,9,,E62,ECONOMY,0
2539,9,,E63,ECONOMY,0
2540,9,,E64,ECONOMY,0
2541,9,,E65,ECONOMY,1
2542,9,,E66,ECONOMY,1
2543,9,,E67,ECONOMY,0
2544,9,,E68,ECONOMY,0
2545,9,,E69,ECONOMY,0
2546,9,,E70,ECONOMY,0
2547,9,,E71,ECONOMY,1
2548,9,,E72,ECONOMY,1
2549,9,,E73,ECONOMY,0
2550,9,,E74,ECONOMY,0
2551,9,,E75,ECONOMY,0
2552,9,,E76,ECONOMY,0
2553,9,,E77,ECONOMY,1
2554,9,,E78,ECONOMY,1
2555,9,,E79,ECONOMY,0
2556,9,,E80,ECONOMY,0
2557,9,,E81,ECONOMY,0
2558,9,,E82,ECONOMY,0
2559,9,,E83,ECONOMY,1
2560,9,,E84,ECONOMY,1
2561,9,,E85,ECONOMY,0
2562,9,,E86,ECONOMY,0
2563,9,,E87,ECONOMY,0
2564,9,,E88,ECONOMY,0
2565,9,,E89,ECONOMY,1
2566,9,,E90,ECONOMY,1
2567,9,,E91,ECONOMY,0
2568,9,,E92,ECONOMY,0
2569,9,,E93,ECONOMY,0
2570,9,,E94,ECONOMY,0
2571,9,,E95,ECONOMY,1
2572,9,,E96,ECONOMY,1
2573,9,,E97,ECONOMY,0
2574,9,,E98,ECONOMY,0
2575,9,,E99,ECONOMY,0
2576,9,,E100,ECONOMY,0
2577,9,,E101,ECONOMY,1
2578,9,,E102,ECONOMY,1
2579,9,,E103,ECONOMY,0
2580,9,,E104,ECONOMY,0
2581,9,,E105,ECONOMY,0
2582,9,,E106,ECONOMY,0
2583,9,,E107,ECONOMY,1
2584,9,,E108,ECONOMY,1
2585,9,,E109,ECONOMY,0
2586,9,,E110,ECONOMY,0
2587,9,,E111,ECONOMY,0
2588,9,,E112,ECONOMY,0
2589,9,,E113,ECONOMY,1
2590,9,,E114,ECONOMY,1
2591,9,,E115,ECONOMY,0
2592,9,,E116,ECONOMY,0
2593,9,,E117,ECONOMY,0
2594,9,,E118,ECONOMY,0
2595,9,,E119,ECONOMY,1
2596,9,,E120,ECONOMY,1
2597,9,,E121,ECONOMY,0
2598,9,,E122,ECONOMY,0
2599,9,,E123,ECONOMY,0
2600,9,,E124,ECONOMY,0
2601,9,,E125,ECONOMY,1
2602,9,,E126,ECONOMY,1
2603,9,,E127,ECONOMY,0
2604,9,,E128,ECONOMY,0
2605,9,,E129,ECONOMY,0
2606,9,,E130,ECONOMY,0
2607,9,,E131,ECONOMY,1
2608,9,,E132,ECONOMY,1
2609,9,,E133,ECONOMY,0
2610,9,,E134,ECONOMY,0
2611,9,,E135,ECONOMY,0
2612,9,,E136,ECONOMY,0
2613,9,,E137,ECONOMY,1
2614,9,,E138,ECONOMY,1
2615,9,,E139,ECONOMY,0
2616,9,,E140,ECONOMY,0
2617,9,,E141,ECONOMY,0
2618,9,,E142,ECONOMY,0
2619,9,,E143,ECONOMY,1
2620,9,,E144,ECONOMY,1
2621,9,,E145,ECONOMY,0
2622,9,,E146,ECONOMY,0
2623,9,,E147,ECONOMY,0
2624,9,,E148,ECONOMY,0
2625,9,,E149,ECONOMY,1
2626,9,,E150,ECONOMY,1
2627,9,,E151,ECONOMY,0
2628,9,,E152,ECONOMY,0
2629,9,,E153,ECONOMY,0
2630,9,,E154,ECONOMY,0
2631,9,,E155,ECONOMY,1
2632,9,,E156,ECONOMY,1
2633,9,,E157,ECONOMY,0
2634,9,,E158,ECONOMY,0
2635,9,,E159,ECONOMY,0
2636,9,,E160,ECONOMY,0
2637,9,,E161,ECONOMY,1
2638,9,,E162,ECONOMY,1
2639,9,,E163,ECONOMY,0
2640,9,,E164,ECONOMY,0
2641,9,,E165,ECONOMY,0
2642,9,,E166,ECONOMY,0
2643,9,,E167,ECONOMY,1
2644,9,,E168,ECONOMY,1
2645,9,,E169,ECONOMY,0
2646,9,,E170,ECONOMY,0
2647,9,,E171,ECONOMY,0
2648,9,,E172,ECONOMY,0
2649,9,,E173,ECONOMY,1
2650,9,,E174,ECONOMY,1
2651,9,,E175,ECONOMY,0
2652,9,,E176,ECONOMY,0
2653,9,,E177,ECONOMY,0
2654,9,,E178,ECONOMY,0
2655,9,,E179,ECONOMY,1
2656,9,,E180,ECONOMY,1
2657,9,,E181,ECONOMY,0
2658,9,,E182,ECONOMY,0
2659,9,,E183,ECONOMY,0
2660,9,,E184,ECONOMY,0
2661,9,,E185,ECONOMY,1
2662,9,,E186,ECONOMY,1
2663,9,,E187,ECONOMY,0
2664,9,,E188,ECONOMY,0
2665,9,,E189,ECONOMY,0
2666,9,,E190,ECONOMY,0
2667,9,,E191,ECONOMY,1
2668,9,,E192,ECONOMY,1
2669,9,,E193,ECONOMY,0
2670,9,,E194,ECONOMY,0
2671,9,,E195,ECONOMY,0
2672,9,,E196,ECONOMY,0
2673,9,,E197,ECONOMY,1
2674,9,,E198,ECONOMY,1
2675,9,,E199,ECONOMY,0
2676,9,,E200,ECONOMY,0
2677,9,,E201,ECONOMY,0
2678,9,,E202,ECONOMY,0
2679,9,,E203,ECONOMY,1
2680,9,,E204,ECONOMY,1
2681,9,,E205,ECONOMY,0
2682,9,,E206,ECONOMY,0
2683,9,,E207,ECONOMY,0
2684,9,,E208,ECONOMY,0
2685,9,,E209,ECONOMY,1
2686,9,,E210,ECONOMY,1
2687,10,19,F1,FIRST,0
2688,10,29,F2,FIRST,1
2689,10,34,F3,FIRST,0
2690,10,38,F4,FIRST,1
2691,10,51,F5,FIRST,0
2692,10,64,F6,FIRST,1
2693,10,71,F7,FIRST,0
2694,10,73,F8,FIRST,1
2695,10,78,F9,FIRST,0
2696,10,88,F10,FIRST,1
2697,10,90,F11,FIRST,0
2698,10,96,F12,FIRST,1
2699,10,,F13,FIRST,0
2700,10,,F14,FIRST,1
2701,10,,F15,FIRST,0
2702,10,,F16,FIRST,1
2703,10,,F17,FIRST,0
2704,10,,F18,FIRST,1
2705,10,,F19,FIRST,0
2706,10,,F20,FIRST,1
2707,10,,F21,FIRST,0
2708,10,,F22,FIRST,1
2709,10,,F23,FIRST,0
2710,10,,F24,FIRST,1
2711,10,,F25,FIRST,0
2712,10,,F26,FIRST,1
2713,10,,F27,FIRST,0
2714,10,,F28,FIRST,1
2715,10,,F29,FIRST,0
2716,10,,F30,FIRST,1
2717,10,,F31,FIRST,0
2718,10,,B1,BUSINESS,0
2719,10,,B2,BUSINESS,0
2720,10,,B3,BUSINESS,1
2721,10,,B4,BUSINESS,0
2722,10,,B5,BUSINESS,0
2723,10,,B6,BUSINESS,1
2724,10,,B7,BUSINESS,0
2725,10,,B8,BUSINESS,0
2726,10,,B9,BUSINESS,1
2727,10,,B10,BUSINESS,0
2728,10,,B11,BUSINESS,0
2729,10,,B12,BUSINESS,1
2730,10,,B13,BUSINESS,0
2731,10,,B14,BUSINESS,0
2732,10,,B15,BUSINESS,1
2733,10,,B16,BUSINESS,0
2734,10,,B17,BUSINESS,0
2735,10,,B18,BUSINESS,1
2736,10,,B19,BUSINESS,0
2737,10,,B20,BUSINESS,0
2738,10,,B21,BUSINESS,1
2739,10,,B22,BUSINESS,0
2740,10,,B23,BUSINESS,0
2741,10,,B24,BUSINESS,1
2742,10,,B25,BUSINESS,0
2743,10,,B26,BUSINESS,0
2744,10,,B27,BUSINESS,1
2745,10,,B28,BUSINESS,0
2746,10,,B29,BUSINESS,0
2747,10,,B30,BUSINESS,1
2748,10,,B31,BUSINESS,0
2749,10,,B32,BUSINESS,0
2750,10,,B33,BUSINESS,1
2751,10,,B34,BUSINESS,0
2752,10,,B35,BUSINESS,0
2753,10,,B36,BUSINESS,1
2754,10,,B37,BUSINESS,0
2755,10,,B38,BUSINESS,0
2756,10,,B39,BUSINESS,1
2757,10,,B40,BUSINESS,0
2758,10,,B41,BUSINESS,0
2759,10,,B42,BUSINESS,1
2760,10,,B43,BUSINESS,0
2761,10,,B44,BUSINESS,0
2762,10,,B45,BUSINESS,1
2763,10,,B46,BUSINESS,0
2764,10,,B47,BUSINESS,0
2765,10,,B48,BUSINESS,1
2766,10,,B49,BUSINESS,0
2767,10,,B50,BUSINESS,0
2768,10,,B51,BUSINESS,1
2769,10,,B52,BUSINESS,0
2770,10,,B53,BUSINESS,0
2771,10,,B54,BUSINESS,1
2772,10,,B55,BUSINESS,0
2773,10,,B56,BUSINESS,0
2774,10,,B57,BUSINESS,1
2775,10,,B58,BUSINESS,0
2776,10,,B59,BUSINESS,0
2777,10,,B60,BUSINESS,1
2778,10,,B61,BUSINESS,0
2779,10,,B62,BUSINESS,0
2780,10,,B63,BUSINESS,1
2781,10,,E1,ECONOMY,0
2782,10,,E2,ECONOMY,0
2783,10,,E3,ECONOMY,0
2784,10,,E4,ECONOMY,0
2785,10,,E5,ECONOMY,1
2786,10,,E6,ECONOMY,1
2787,10,,E7,ECONOMY,0
2788,10,,E8,ECONOMY,0
2789,10,,E9,ECONOMY,0
2790,10,,E10,ECONOMY,0
2791,10,,E11,ECONOMY,1
2792,10,,E12,ECONOMY,1
2793,10,,E13,ECONOMY,0
2794,10,,E14,ECONOMY,0
2795,10,,E15,ECONOMY,0
2796,10,,E16,ECONOMY,0
2797,10,,E17,ECONOMY,1
2798,10,,E18,ECONOMY,1
2799,10,,E19,ECONOMY,0
2800,10,,E20,ECONOMY,0
2801,10,,E21,ECONOMY,0
2802,10,,E22,ECONOMY,0
2803,10,,E23,ECONOMY,1
2804,10,,E24,ECONOMY,1
2805,10,,E25,ECONOMY,0
2806,10,,E26,ECONOMY,0
2807,10,,E27,ECONOMY,0
2808,10,,E28,ECONOMY,0
2809,10,,E29,ECONOMY,1
2810,10,,E30,ECONOMY,1
2811,10,,E31,ECONOMY,0
2812,10,,E32,ECONOMY,0
2813,10,,E33,ECONOMY,0
2814,10,,E34,ECONOMY,0
2815,10,,E35,ECONOMY,1
2816,10,,E36,ECONOMY,1
2817,10,,E37,ECONOMY,0
2818,10,,E38,ECONOMY,0
2819,10,,E39,ECONOMY,0
2820,10,,E40,ECONOMY,0
2821,10,,E41,ECONOMY,1
2822,10,,E42,ECONOMY,1
2823,10,,E43,ECONOMY,0
2824,10,,E44,ECONOMY,0
2825,10,,E45,ECONOMY,0
2826,10,,E46,ECONOMY,0
2827,10,,E47,ECONOMY,1
2828,10,,E48,ECONOMY,1
2829,10,,E49,ECONOMY,0
2830,10,,E50,ECONOMY,0
2831,10,,E51,ECONOMY,0
2832,10,,E52,ECONOMY,0
2833,10,,E53,ECONOMY,1
2834,10,,E54,ECONOMY,1
2835,10,,E55,ECONOMY,0
2836,10,,E56,ECONOMY,0
2837,10,,E57,ECONOMY,0
2838,10,,E58,ECONOMY,0
2839,10,,E59,ECONOMY,1
2840,10,,E60,ECONOMY,1
2841,10,,E61,ECONOMY,0
2842,10,,E62,ECONOMY,0
2843,10,,E63,ECONOMY,0
2844,10,,E64,ECONOMY,0
2845,10,,E65,ECONOMY,1
2846,10,,E66,ECONOMY,1
2847,10,,E67,ECONOMY,0
2848,10,,E68,ECONOMY,0
2849,10,,E69,ECONOMY,0
2850,10,,E70,ECONOMY,0
2851,10,,E71,ECONOMY,1
2852,10,,E72,ECONOMY,1
2853,10,,E73,ECONOMY,0
2854,10,,E74,ECONOMY,0
2855,10,,E75,ECONOMY,0
2856,10,,E76,ECONOMY,0
2857,10,,E77,ECONOMY,1
2858,10,,E78,ECONOMY,1
2859,10,,E79,ECONOMY,0
2860,10,,E80,ECONOMY,0
2861,10,,E81,ECONOMY,0
2862,10,,E82,ECONOMY,0
2863,10,,E83,ECONOMY,1
2864,10,,E84,ECONOMY,1
2865,10,,E85,ECONOMY,0
2866,10,,E86,ECONOMY,0
2867,10,,E87,ECONOMY,0
2868,10,,E88,ECONOMY,0
2869,10,,E89,ECONOMY,1
2870,10,,E90,ECONOMY,1
2871,10,,E91,ECONOMY,0
2872,10,,E92,ECONOMY,0
2873,10,,E93,ECONOMY,0
2874,10,,E94,ECONOMY,0
2875,10,,E95,ECONOMY,1
2876,10,,E96,ECONOMY,1
2877,10,,E97,ECONOMY,0
2878,10,,E98,ECONOMY,0
2879,10,,E99,ECONOMY,0
2880,10,,E100,ECONOMY,0
2881,10,,E101,ECONOMY,1
2882,10,,E102,ECONOMY,1
2883,10,,E103,ECONOMY,0
2884,10,,E104,ECONOMY,0
2885,10,,E105,ECONOMY,0
2886,10,,E106,ECONOMY,0
2887,10,,E107,ECONOMY,1
2888,10,,E108,ECONOMY,1
2889,10,,E109,ECONOMY,0
2890,10,,E110,ECONOMY,0
2891,10,,E111,ECONOMY,0
2892,10,,E112,ECONOMY,0
2893,10,,E113,ECONOMY,1
2894,10,,E114,ECONOMY,1
2895,10,,E115,ECONOMY,0
2896,10,,E116,ECONOMY,0
2897,10,,E117,ECONOMY,0
2898,10,,E118,ECONOMY,0
2899,10,,E119,ECONOMY,1
2900,10,,E120,ECONOMY,1
2901,10,,E121,ECONOMY,0
2902,10,,E122,ECONOMY,0
2903,10,,E123,ECONOMY,0
2904,10,,E124,ECONOMY,0
2905,10,,E125,ECONOMY,1
2906,10,,E126,ECONOMY,1
2907,10,,E127,ECONOMY,0
2908,10,,E128,ECONOMY,0
2909,10,,E129,ECONOMY,0
2910,10,,E130,ECONOMY,0
2911,10,,E131,ECONOMY,1
2912,10,,E132,ECONOMY,1
2913,10,,E133,ECONOMY,0
2914,10,,E134,ECONOMY,0
2915,10,,E135,ECONOMY,0
2916,10,,E136,ECONOMY,0
2917,10,,E137,ECONOMY,1
2918,10,,E138,ECONOMY,1
2919,10,,E139,ECONOMY,0
2920,10,,E140,ECONOMY,0
2921,10,,E141,ECONOMY,0
2922,10,,E142,ECONOMY,0
2923,10,,E143,ECONOMY,1
2924,10,,E144,ECONOMY,1
2925,10,,E145,ECONOMY,0
2926,10,,E146,ECONOMY,0
2927,10,,E147,ECONOMY,0
2928,10,,E148,ECONOMY,0
2929,10,,E149,ECONOMY,1
2930,10,,E150,ECONOMY,1
2931,10,,E151,ECONOMY,0
2932,10,,E152,ECONOMY,0
2933,10,,E153,ECONOMY,0
2934,10,,E154,ECONOMY,0
2935,10,,E155,ECONOMY,1
2936,10,,E156,ECONOMY,1
2937,10,,E157,ECONOMY,0
2938,10,,E158,ECONOMY,0
2939,10,,E159,ECONOMY,0
2940,10,,E160,ECONOMY,0
2941,10,,E161,ECONOMY,1
2942,10,,E162,ECONOMY,1
2943,10,,E163,ECONOMY,0
2944,10,,E164,ECONOMY,0
2945,10,,E165,ECONOMY,0
2946,10,,E166,ECONOMY,0
2947,10,,E167,ECONOMY,1
2948,10,,E168,ECONOMY,1
2949,10,,E169,ECONOMY,0
2950,10,,E170,ECONOMY,0
2951,10,,E171,ECONOMY,0
2952,10,,E172,ECONOMY,0
2953,10,,E173,ECONOMY,1
2954,10,,E174,ECONOMY,1
2955,10,,E175,ECONOMY,0
2956,10,,E176,ECONOMY,0
2957,10,,E177,ECONOMY,0
2958,10,,E178,ECONOMY,0
2959,10,,E179,ECONOMY,1
2960,10,,E180,ECONOMY,1
2961,10,,E181,ECONOMY,0
2962,10,,E182,ECONOMY,0
2963,10,,E183,ECONOMY,0
2964,10,,E184,ECONOMY,0
2965,10,,E185,ECONOMY,1
2966,10,,E186,ECONOMY,1
2967,10,,E187,ECONOMY,0
2968,10,,E188,ECONOMY,0
2969,10,,E189,ECONOMY,0
2970,10,,E190,ECONOMY,0
2971,10,,E191,ECONOMY,1
2972,10,,E192,ECONOMY,1
2973,10,,E193,ECONOMY,0
2974,10,,E194,ECONOMY,0
2975,10,,E195,ECONOMY,0
2976,10,,E196,ECONOMY,0
2977,10,,E197,ECONOMY,1
2978,10,,E198,ECONOMY,1
2979,10,,E199,ECONOMY,0
2980,10,,E200,ECONOMY,0
2981,10,,E201,ECONOMY,0
2982,10,,E202,ECONOMY,0
2983,10,,E203,ECONOMY,1
2984,10,,E204,ECONOMY,1
2985,10,,E205,ECONOMY,0
2986,10,,E206,ECONOMY,0
2987,10,,E207,ECONOMY,0
2988,10,,E208,ECONOMY,0
2989,10,,E209,ECONOMY,1
2990,10,,E210,ECONOMY,1
2991,10,,E211,ECONOMY,0
2992,10,,E212,ECONOMY,0
2993,10,,E213,ECONOMY,0
2994,10,,E214,ECONOMY,0
2995,10,,E215,ECONOMY,1
2996,10,,E216,ECONOMY,1
2997,10,,E217,ECONOMY,0
2998,10,,E218,ECONOMY,0
2999,10,,E219,ECONOMY,0
3000,10,,E220,ECONOMY,0
3001,10,,E221,ECONOMY,1
3002,10,,E222,ECONOMY,1
3003,10,,E223,ECONOMY,0
3004,10,,E224,ECONOMY,0
3005,10,,E225,ECONOMY,0
3255,1,,B2,BUSINESS,0
